method,mode,angle_state_label,physical_role_candidate,event_start_time_s,event_end_time_s,event_duration_s,peak_time_s,candidate_window_count,peak_anomaly_score,mean_anomaly_score,dominant_deviation_feature,global_peak_frequency_hz,representative_local_frequency_hz,local_frequency_low_hz,local_frequency_high_hz,interpretation
STVMD,IMF7,stable_10deg,background_dynamic_mode,0.0,30.995,30.995,19.5,59,18.21125050586807,16.222074367750654,local_peak_frequency_hz,59.94871349095966,60.0,58.5,61.5,anomaly_candidate_not_confirmed_fault
STVMD,IMF10,stable_10deg,background_dynamic_mode,0.0,2.995,2.995,1.0,3,4.046944556859572,3.9345294302801386,local_peak_frequency_hz,97.83988178025034,91.5,91.5,92.0,anomaly_candidate_not_confirmed_fault
SVMD,IMF5,stable_10deg,angle_movement_response_candidate,3.5,6.495,2.995,5.0,3,6.070416835289357,5.845586582130491,local_peak_frequency_hz,39.90785813630041,35.0,35.0,35.5,anomaly_candidate_not_confirmed_fault
SVMD,IMF8,stable_10deg,background_dynamic_mode,5.0,7.995,2.995,7.0,3,7.4193983542425475,6.969737847924818,local_peak_frequency_hz,72.63125869262865,67.0,66.5,67.0,anomaly_candidate_not_confirmed_fault
SVMD,IMF8,stable_10deg,background_dynamic_mode,10.0,12.495,2.494999999999999,11.0,2,8.093889113719143,7.756643733980845,local_peak_frequency_hz,72.63125869262865,66.25,66.0,66.5,anomaly_candidate_not_confirmed_fault
SVMD,IMF5,stable_10deg,angle_movement_response_candidate,13.5,16.495,2.995000000000001,14.5,3,5.395926075812762,5.171095822653896,local_peak_frequency_hz,39.90785813630041,35.5,35.5,36.0,anomaly_candidate_not_confirmed_fault
SVMD,IMF8,stable_10deg,background_dynamic_mode,15.5,18.995,3.495000000000001,17.0,4,8.093889113719143,6.744907594765952,local_peak_frequency_hz,72.63125869262865,66.5,66.0,69.0,anomaly_candidate_not_confirmed_fault
AVMD,IMF4,stable_10deg,background_dynamic_mode,18.0,20.495,2.495000000000001,19.0,2,6.7449075947659525,6.7449075947659525,local_peak_frequency_hz,54.08118915159944,48.5,48.5,48.5,anomaly_candidate_not_confirmed_fault
STVMD,IMF6,stable_10deg,background_dynamic_mode,18.0,20.495,2.495000000000001,19.0,2,3.7096991771212737,3.7096991771212737,local_peak_frequency_hz,59.97479137691238,48.5,48.5,48.5,anomaly_candidate_not_confirmed_fault
SVMD,IMF5,stable_10deg,angle_movement_response_candidate,19.0,21.995,2.995000000000001,20.5,3,5.395926075812762,5.171095822653897,local_peak_frequency_hz,39.90785813630041,35.5,35.5,36.0,anomaly_candidate_not_confirmed_fault
SVMD,IMF8,stable_10deg,background_dynamic_mode,19.5,21.995,2.495000000000001,21.0,2,4.721435316336167,4.384189936597869,local_peak_frequency_hz,72.63125869262865,68.75,68.5,69.0,anomaly_candidate_not_confirmed_fault
VMD,IMF2,stable_10deg,background_dynamic_mode,19.5,22.995,3.495000000000001,21.0,4,3.7075447778004724,3.6209557580416787,envelope_mean_nm,16.18567454798331,17.0,15.5,17.5,anomaly_candidate_not_confirmed_fault
VMD,IMF3,stable_10deg,background_dynamic_mode,19.5,23.495,3.995000000000001,21.0,5,6.508335755267509,5.108815115849173,envelope_mean_nm,17.793810848400554,17.5,17.0,17.5,anomaly_candidate_not_confirmed_fault
IOVMD,IMF4,stable_10deg,background_dynamic_mode,20.0,22.495,2.495000000000001,21.5,2,4.363824238858523,4.35358012763982,envelope_mean_nm,17.793810848400554,17.5,17.5,17.5,anomaly_candidate_not_confirmed_fault
SVMD,IMF8,stable_10deg,background_dynamic_mode,21.0,23.995,2.995000000000001,22.0,3,7.4193983542425475,6.295247088448222,local_peak_frequency_hz,72.63125869262865,66.5,66.5,69.0,anomaly_candidate_not_confirmed_fault
SVMD,IMF8,stable_10deg,background_dynamic_mode,24.5,26.995,2.495000000000001,25.5,2,6.070416835289357,5.733171455551059,local_peak_frequency_hz,72.63125869262865,67.75,67.5,68.0,anomaly_candidate_not_confirmed_fault
SVMD,IMF8,stable_10deg,background_dynamic_mode,26.0,28.495,2.495000000000001,27.5,2,6.7449075947659525,6.4076622150276545,local_peak_frequency_hz,72.63125869262865,67.25,67.0,67.5,anomaly_candidate_not_confirmed_fault
STVMD,IMF6,stable_43deg,background_dynamic_mode,39.0,41.495,2.4949999999999974,40.0,2,6.7449075947659525,6.7449075947659525,local_peak_frequency_hz,59.97479137691238,54.5,54.5,54.5,anomaly_candidate_not_confirmed_fault
STVMD,IMF6,stable_43deg,background_dynamic_mode,41.5,45.495,3.9949999999999974,42.5,5,7.4193983542425475,6.610009442870632,local_peak_frequency_hz,59.97479137691238,54.0,54.0,55.5,anomaly_candidate_not_confirmed_fault
VMD,IMF3,stable_43deg,background_dynamic_mode,44.5,46.995,2.4949999999999974,45.5,2,4.060318187993844,4.060318187993844,local_peak_frequency_hz,17.793810848400554,20.0,20.0,20.0,anomaly_candidate_not_confirmed_fault
STVMD,IMF6,stable_43deg,background_dynamic_mode,45.0,50.995,5.994999999999997,47.0,9,7.4193983542425475,5.7706431644108696,local_peak_frequency_hz,59.97479137691238,55.5,54.0,56.5,anomaly_candidate_not_confirmed_fault
AVMD,IMF4,stable_43deg,background_dynamic_mode,48.0,50.495,2.4949999999999974,49.0,2,7.4193983542425475,5.73317145555106,local_peak_frequency_hz,54.08118915159944,49.75,48.5,51.0,anomaly_candidate_not_confirmed_fault
STVMD,IMF6,stable_43deg,background_dynamic_mode,50.5,52.995,2.4949999999999974,51.5,2,6.070416835289357,5.733171455551059,local_peak_frequency_hz,59.97479137691238,55.25,55.0,55.5,anomaly_candidate_not_confirmed_fault
AVMD,IMF4,stable_43deg,background_dynamic_mode,51.5,53.995,2.4949999999999974,52.5,2,6.7449075947659525,6.7449075947659525,local_peak_frequency_hz,54.08118915159944,49.0,49.0,49.0,anomaly_candidate_not_confirmed_fault
IOVMD,IMF3,stable_43deg,background_dynamic_mode,56.0,61.995,5.994999999999997,58.0,9,6.258828315523213,4.83800286241425,envelope_mean_nm,15.946627260083448,16.5,16.0,16.5,anomaly_candidate_not_confirmed_fault
STVMD,IMF10,stable_43deg,background_dynamic_mode,60.0,62.495,2.4949999999999974,61.0,2,3.7096991771212737,3.7096991771212737,local_peak_frequency_hz,97.83988178025034,92.0,92.0,92.0,anomaly_candidate_not_confirmed_fault
STVMD,IMF10,stable_43deg,background_dynamic_mode,63.0,65.495,2.4950000000000045,64.0,2,3.7096991771212737,3.7096991771212737,local_peak_frequency_hz,97.83988178025034,92.0,92.0,92.0,anomaly_candidate_not_confirmed_fault
AVMD,IMF7,stable_43deg,background_dynamic_mode,65.5,67.995,2.4950000000000045,66.5,2,7.4193983542425475,7.4193983542425475,local_peak_frequency_hz,90.29468011126563,86.5,86.5,86.5,anomaly_candidate_not_confirmed_fault
IOVMD,IMF3,stable_43deg,background_dynamic_mode,69.5,85.495,15.995000000000005,77.0,29,7.686862824319449,5.804833491259111,envelope_mean_nm,15.946627260083448,16.0,15.5,16.5,anomaly_candidate_not_confirmed_fault
AVMD,IMF7,stable_43deg,background_dynamic_mode,74.5,77.495,2.9950000000000045,75.5,3,8.093889113719143,6.295247088448222,local_peak_frequency_hz,90.29468011126563,96.0,96.0,98.0,anomaly_candidate_not_confirmed_fault
SVMD,IMF10,stable_43deg,background_dynamic_mode,75.0,77.495,2.4950000000000045,76.0,2,5.395926075812762,5.395926075812762,local_peak_frequency_hz,90.29468011126563,96.0,96.0,96.0,anomaly_candidate_not_confirmed_fault
STVMD,IMF6,stable_43deg,background_dynamic_mode,78.5,80.995,2.4950000000000045,80.0,2,6.7449075947659525,5.395926075812762,local_peak_frequency_hz,59.97479137691238,55.5,54.5,56.5,anomaly_candidate_not_confirmed_fault
AVMD,IMF7,stable_43deg,background_dynamic_mode,79.0,81.495,2.4950000000000045,80.0,2,4.046944556859572,4.046944556859572,local_peak_frequency_hz,90.29468011126563,89.0,89.0,89.0,anomaly_candidate_not_confirmed_fault
IOVMD,IMF6,stable_43deg,angle_movement_response_candidate,79.0,82.495,3.4950000000000045,80.5,4,4.633693026335258,4.0811166779464365,envelope_mean_nm,35.626738525730175,36.0,36.0,36.0,anomaly_candidate_not_confirmed_fault
SVMD,IMF10,stable_43deg,background_dynamic_mode,79.0,81.495,2.4950000000000045,80.0,2,4.046944556859572,4.046944556859572,local_peak_frequency_hz,90.29468011126563,89.0,89.0,89.0,anomaly_candidate_not_confirmed_fault
VMD,IMF4,stable_43deg,angle_movement_response_candidate,79.0,81.995,2.9950000000000045,80.5,3,4.378109281363499,3.9569704831002217,envelope_mean_nm,35.626738525730175,36.0,36.0,36.0,anomaly_candidate_not_confirmed_fault
STVMD,IMF6,stable_43deg,background_dynamic_mode,80.0,85.995,5.9950000000000045,82.0,9,7.4193983542425475,5.845586582130492,local_peak_frequency_hz,59.97479137691238,54.5,54.0,56.5,anomaly_candidate_not_confirmed_fault
AVMD,IMF2,stable_43deg,background_dynamic_mode,80.5,84.495,3.9950000000000045,81.5,5,5.087242683632798,4.273283854251551,local_peak_frequency_hz,17.793810848400554,16.0,15.5,16.0,anomaly_candidate_not_confirmed_fault
STVMD,IMF3,stable_43deg,background_dynamic_mode,80.5,84.495,3.9950000000000045,81.5,5,5.106747968154307,4.289668293249618,local_peak_frequency_hz,17.793810848400554,16.0,15.5,16.0,anomaly_candidate_not_confirmed_fault
SVMD,IMF3,stable_43deg,background_dynamic_mode,80.5,84.495,3.9950000000000045,81.5,5,5.087242683632798,4.273283854251551,local_peak_frequency_hz,17.793810848400554,16.0,15.5,16.0,anomaly_candidate_not_confirmed_fault
VMD,IMF3,stable_43deg,background_dynamic_mode,81.5,85.495,3.9950000000000045,82.5,5,4.060318187993844,4.060318187993844,local_peak_frequency_hz,17.793810848400554,20.0,20.0,20.0,anomaly_candidate_not_confirmed_fault
VMD,IMF7,stable_43deg,background_dynamic_mode,84.0,86.995,2.9950000000000045,85.5,3,5.297257343617747,4.590956364468714,local_peak_frequency_hz,59.97479137691238,58.0,57.5,58.0,anomaly_candidate_not_confirmed_fault
AVMD,IMF5,stable_10deg,background_dynamic_mode,94.5,96.995,2.4950000000000045,95.5,2,5.564643920234044,5.564643920234044,local_peak_frequency_hz,59.97479137691238,62.5,62.5,62.5,anomaly_candidate_not_confirmed_fault
IOVMD,IMF2,stable_10deg,background_dynamic_mode,94.5,97.495,2.9950000000000045,95.5,3,6.796869772603942,6.503222738789596,rms_nm,5.4242002781641165,3.5,3.5,5.0,anomaly_candidate_not_confirmed_fault
STVMD,IMF2,stable_10deg,background_dynamic_mode,94.5,97.495,2.9950000000000045,96.0,3,5.165588686012456,5.0338212201071615,rms_nm,2.1905424200278163,3.5,3.0,3.5,anomaly_candidate_not_confirmed_fault
STVMD,IMF5,stable_10deg,background_dynamic_mode,94.5,105.495,10.995000000000005,96.0,19,6.7449075947659525,6.212414889916008,local_peak_frequency_hz,39.90785813630041,35.0,34.5,36.5,anomaly_candidate_not_confirmed_fault
IOVMD,IMF10,stable_10deg,background_dynamic_mode,95.5,98.995,3.4950000000000045,97.0,4,4.763641766329568,4.264467979925802,rms_nm,80.04607093184978,80.0,80.0,80.0,anomaly_candidate_not_confirmed_fault
STVMD,IMF8,stable_10deg,background_dynamic_mode,95.5,98.995,3.4950000000000045,97.0,4,4.985621711050707,4.500452432019083,envelope_mean_nm,80.04607093184978,80.0,80.0,80.0,anomaly_candidate_not_confirmed_fault
VMD,IMF9,stable_10deg,background_dynamic_mode,95.5,98.995,3.4950000000000045,97.0,4,4.762677070349974,4.273481035002882,rms_nm,80.04607093184978,80.0,80.0,80.0,anomaly_candidate_not_confirmed_fault
AVMD,IMF6,stable_10deg,background_dynamic_mode,96.0,98.995,2.9950000000000045,97.0,3,4.504421244355912,4.208773728945534,rms_nm,80.04607093184978,80.0,80.0,80.0,anomaly_candidate_not_confirmed_fault
SVMD,IMF9,stable_10deg,background_dynamic_mode,96.0,98.995,2.9950000000000045,97.0,3,4.894825336323176,4.5572164477874075,rms_nm,80.04607093184978,80.0,80.0,80.0,anomaly_candidate_not_confirmed_fault
STVMD,IMF10,stable_10deg,background_dynamic_mode,97.0,99.995,2.9950000000000045,98.0,3,3.7096991771212737,3.709699177121274,local_peak_frequency_hz,97.83988178025034,92.0,92.0,92.0,anomaly_candidate_not_confirmed_fault
SVMD,IMF5,stable_10deg,angle_movement_response_candidate,99.0,101.495,2.4950000000000045,100.0,2,6.7449075947659525,6.4076622150276545,local_peak_frequency_hz,39.90785813630041,34.75,34.5,35.0,anomaly_candidate_not_confirmed_fault
SVMD,IMF5,stable_10deg,angle_movement_response_candidate,102.5,105.495,2.9950000000000045,103.5,3,6.070416835289357,5.620756328971626,local_peak_frequency_hz,39.90785813630041,35.5,35.0,35.5,anomaly_candidate_not_confirmed_fault
VMD,IMF3,stable_10deg,background_dynamic_mode,108.0,110.995,2.9950000000000045,110.0,3,4.010654793709703,3.85187431798373,rms_nm,17.793810848400554,17.5,17.5,17.5,anomaly_candidate_not_confirmed_fault
STVMD,IMF5,stable_10deg,background_dynamic_mode,109.0,111.495,2.4950000000000045,110.0,2,4.046944556859572,4.046944556859572,local_peak_frequency_hz,39.90785813630041,36.5,36.5,36.5,anomaly_candidate_not_confirmed_fault
SVMD,IMF5,stable_10deg,angle_movement_response_candidate,109.0,111.995,2.9950000000000045,110.0,3,4.046944556859572,4.046944556859572,local_peak_frequency_hz,39.90785813630041,36.5,36.5,36.5,anomaly_candidate_not_confirmed_fault
SVMD,IMF8,stable_10deg,background_dynamic_mode,109.0,112.495,3.4950000000000045,110.5,4,9.442870632672333,6.913530284635101,local_peak_frequency_hz,72.63125869262865,67.0,65.0,68.5,anomaly_candidate_not_confirmed_fault
VMD,IMF2,stable_10deg,background_dynamic_mode,109.0,113.495,4.4950000000000045,111.0,6,4.103380920752292,3.850450120744558,envelope_mean_nm,16.18567454798331,16.75,16.0,17.5,anomaly_candidate_not_confirmed_fault
VMD,IMF3,stable_10deg,background_dynamic_mode,111.0,113.995,2.9950000000000045,112.5,3,4.122332191642026,3.9896420649315623,rms_nm,17.793810848400554,17.5,17.5,17.5,anomaly_candidate_not_confirmed_fault
IOVMD,IMF4,stable_10deg,background_dynamic_mode,111.5,113.995,2.4950000000000045,112.5,2,3.6315816681277173,3.597193566384483,rms_nm,17.793810848400554,17.5,17.5,17.5,anomaly_candidate_not_confirmed_fault
IOVMD,IMF2,stable_10deg,background_dynamic_mode,113.0,115.495,2.4950000000000045,114.0,2,4.404068165650933,4.045284417305239,rms_nm,5.4242002781641165,4.0,4.0,4.0,anomaly_candidate_not_confirmed_fault
SVMD,IMF8,stable_10deg,background_dynamic_mode,113.0,117.995,4.9950000000000045,114.0,7,9.442870632672333,5.877705189724616,local_peak_frequency_hz,72.63125869262865,68.0,65.0,68.5,anomaly_candidate_not_confirmed_fault
SVMD,IMF5,stable_10deg,angle_movement_response_candidate,115.0,117.495,2.4950000000000045,116.0,2,4.721435316336167,4.721435316336167,local_peak_frequency_hz,39.90785813630041,36.0,36.0,36.0,anomaly_candidate_not_confirmed_fault
VMD,IMF2,stable_10deg,background_dynamic_mode,116.0,120.495,4.4950000000000045,118.0,6,4.108557946632005,3.9272554055100493,envelope_mean_nm,16.18567454798331,16.5,13.5,17.5,anomaly_candidate_not_confirmed_fault
SVMD,IMF5,stable_10deg,angle_movement_response_candidate,117.0,119.995,2.9950000000000045,118.5,3,5.395926075812762,4.721435316336167,local_peak_frequency_hz,39.90785813630041,36.0,35.5,36.5,anomaly_candidate_not_confirmed_fault
VMD,IMF3,stable_10deg,background_dynamic_mode,117.5,120.995,3.4950000000000045,119.0,4,4.701519488280139,4.271559441994544,rms_nm,17.793810848400554,17.5,17.5,17.5,anomaly_candidate_not_confirmed_fault
VMD,IMF7,stable_10deg,background_dynamic_mode,119.5,121.995,2.4950000000000045,120.5,2,6.306459273746924,5.5181518645285585,local_peak_frequency_hz,59.97479137691238,60.25,58.5,62.0,anomaly_candidate_not_confirmed_fault
VMD,IMF7,stable_43deg,background_dynamic_mode,139.0,141.495,2.4950000000000045,140.0,2,4.237805874894198,4.237805874894198,local_peak_frequency_hz,59.97479137691238,58.0,58.0,58.0,anomaly_candidate_not_confirmed_fault
STVMD,IMF6,stable_43deg,background_dynamic_mode,141.0,145.495,4.4950000000000045,142.5,6,7.4193983542425475,6.295247088448222,local_peak_frequency_hz,59.97479137691238,54.0,54.0,56.5,anomaly_candidate_not_confirmed_fault
AVMD,IMF7,stable_43deg,background_dynamic_mode,152.5,154.995,2.4950000000000045,153.5,2,7.4193983542425475,7.4193983542425475,local_peak_frequency_hz,90.29468011126563,97.5,97.5,97.5,anomaly_candidate_not_confirmed_fault
AVMD,IMF4,stable_43deg,background_dynamic_mode,156.0,158.495,2.4950000000000045,157.0,2,6.070416835289357,6.070416835289357,local_peak_frequency_hz,54.08118915159944,49.5,49.5,49.5,anomaly_candidate_not_confirmed_fault
IOVMD,IMF6,stable_43deg,angle_movement_response_candidate,167.0,169.495,2.4950000000000045,168.0,2,4.046944556859572,4.046944556859572,local_peak_frequency_hz,35.626738525730175,32.5,32.5,32.5,anomaly_candidate_not_confirmed_fault
VMD,IMF4,stable_43deg,angle_movement_response_candidate,167.0,169.495,2.4950000000000045,168.0,2,4.046944556859572,4.046944556859572,local_peak_frequency_hz,35.626738525730175,32.5,32.5,32.5,anomaly_candidate_not_confirmed_fault
SVMD,IMF10,stable_43deg,background_dynamic_mode,174.5,176.995,2.4950000000000045,175.5,2,4.046944556859572,4.046944556859572,local_peak_frequency_hz,90.29468011126563,95.0,95.0,95.0,anomaly_candidate_not_confirmed_fault
STVMD,IMF6,stable_43deg,background_dynamic_mode,180.5,183.495,2.9950000000000045,181.5,3,7.4193983542425475,6.520077341607087,local_peak_frequency_hz,59.97479137691238,54.5,54.0,55.5,anomaly_candidate_not_confirmed_fault
STVMD,IMF5,stable_10deg,background_dynamic_mode,196.5,229.995,33.495000000000005,209.0,64,6.7449075947659525,5.638321192499663,local_peak_frequency_hz,39.90785813630041,35.0,34.5,36.5,anomaly_candidate_not_confirmed_fault
SVMD,IMF5,stable_10deg,angle_movement_response_candidate,196.5,203.495,6.9950000000000045,197.5,11,6.070416835289357,6.009099493518757,local_peak_frequency_hz,39.90785813630041,35.0,35.0,35.5,anomaly_candidate_not_confirmed_fault
STVMD,IMF4,stable_10deg,background_dynamic_mode,198.5,200.995,2.4950000000000045,199.5,2,8.0,8.0,local_peak_frequency_hz,20.07127955493741,18.0,18.0,18.0,anomaly_candidate_not_confirmed_fault
SVMD,IMF8,stable_10deg,background_dynamic_mode,199.5,202.495,2.9950000000000045,200.5,3,8.093889113719143,7.869058860560277,local_peak_frequency_hz,72.63125869262865,66.0,66.0,66.5,anomaly_candidate_not_confirmed_fault
STVMD,IMF6,stable_10deg,background_dynamic_mode,201.5,205.995,4.4950000000000045,202.5,6,4.046944556859572,4.046944556859572,local_peak_frequency_hz,59.97479137691238,60.0,60.0,60.0,anomaly_candidate_not_confirmed_fault
AVMD,IMF4,stable_10deg,background_dynamic_mode,202.5,204.995,2.4950000000000045,204.0,2,4.721435316336167,4.384189936597869,local_peak_frequency_hz,54.08118915159944,50.25,50.0,50.5,anomaly_candidate_not_confirmed_fault
SVMD,IMF5,stable_10deg,angle_movement_response_candidate,202.5,207.995,5.4950000000000045,203.5,8,5.395926075812762,4.8057466612707405,local_peak_frequency_hz,39.90785813630041,36.0,35.5,36.5,anomaly_candidate_not_confirmed_fault
STVMD,IMF6,stable_10deg,background_dynamic_mode,205.0,209.995,4.9950000000000045,206.0,7,4.046944556859572,4.046944556859572,local_peak_frequency_hz,59.97479137691238,60.0,60.0,60.0,anomaly_candidate_not_confirmed_fault
IOVMD,IMF9,stable_10deg,background_dynamic_mode,205.5,207.995,2.4950000000000045,206.5,2,4.046944556859572,4.046944556859572,local_peak_frequency_hz,72.63125869262865,69.0,69.0,69.0,anomaly_candidate_not_confirmed_fault
STVMD,IMF7,stable_10deg,background_dynamic_mode,205.5,207.995,2.4950000000000045,206.5,2,4.046944556859572,4.046944556859572,local_peak_frequency_hz,59.94871349095966,69.0,69.0,69.0,anomaly_candidate_not_confirmed_fault
SVMD,IMF8,stable_10deg,background_dynamic_mode,205.5,208.495,2.9950000000000045,207.5,3,4.721435316336167,4.271774810018436,local_peak_frequency_hz,72.63125869262865,69.0,68.5,69.0,anomaly_candidate_not_confirmed_fault
SVMD,IMF5,stable_10deg,angle_movement_response_candidate,208.5,212.495,3.9950000000000045,211.5,5,6.7449075947659525,5.530824227708081,local_peak_frequency_hz,39.90785813630041,35.5,34.5,36.0,anomaly_candidate_not_confirmed_fault
STVMD,IMF6,stable_10deg,background_dynamic_mode,209.0,212.495,3.4950000000000045,210.0,4,4.046944556859572,4.046944556859572,local_peak_frequency_hz,59.97479137691238,60.0,60.0,60.0,anomaly_candidate_not_confirmed_fault
SVMD,IMF5,stable_10deg,angle_movement_response_candidate,212.0,217.995,5.9950000000000045,213.0,9,6.7449075947659525,6.070416835289357,local_peak_frequency_hz,39.90785813630041,35.0,34.5,35.5,anomaly_candidate_not_confirmed_fault
SVMD,IMF8,stable_10deg,background_dynamic_mode,212.0,214.495,2.4950000000000045,213.5,2,6.070416835289357,5.395926075812762,local_peak_frequency_hz,72.63125869262865,68.0,67.5,68.5,anomaly_candidate_not_confirmed_fault
SVMD,IMF5,stable_10deg,angle_movement_response_candidate,217.0,219.995,2.9950000000000045,218.0,3,6.7449075947659525,5.845586582130491,local_peak_frequency_hz,39.90785813630041,35.0,34.5,36.0,anomaly_candidate_not_confirmed_fault
STVMD,IMF6,stable_10deg,background_dynamic_mode,217.5,226.495,8.995000000000005,218.5,15,4.046944556859572,4.046944556859572,local_peak_frequency_hz,59.97479137691238,60.0,60.0,60.0,anomaly_candidate_not_confirmed_fault
SVMD,IMF5,stable_10deg,angle_movement_response_candidate,219.0,229.995,10.995000000000005,220.0,19,6.070416835289357,5.75092121237939,local_peak_frequency_hz,39.90785813630041,35.0,35.0,36.0,anomaly_candidate_not_confirmed_fault
VMD,IMF5,stable_10deg,background_dynamic_mode,219.5,221.995,2.4950000000000045,220.5,2,4.0,4.0,local_peak_frequency_hz,39.90785813630041,39.0,39.0,39.0,anomaly_candidate_not_confirmed_fault
AVMD,IMF5,stable_10deg,background_dynamic_mode,221.0,223.495,2.4950000000000045,222.0,2,3.628752020485354,3.5868958468593206,envelope_mean_nm,59.97479137691238,60.0,60.0,60.0,anomaly_candidate_not_confirmed_fault
VMD,IMF7,stable_10deg,background_dynamic_mode,221.0,224.495,3.4950000000000045,222.5,4,4.040186101580038,3.9083088099979744,envelope_mean_nm,59.97479137691238,60.0,60.0,60.0,anomaly_candidate_not_confirmed_fault
SVMD,IMF8,stable_10deg,background_dynamic_mode,222.5,224.995,2.4950000000000045,223.5,2,4.721435316336167,4.721435316336167,local_peak_frequency_hz,72.63125869262865,68.5,68.5,68.5,anomaly_candidate_not_confirmed_fault
IOVMD,IMF7,stable_10deg,background_dynamic_mode,223.0,225.995,2.9950000000000045,224.0,3,6.0,6.0,local_peak_frequency_hz,39.90785813630041,38.5,38.5,38.5,anomaly_candidate_not_confirmed_fault
VMD,IMF5,stable_10deg,background_dynamic_mode,223.0,225.995,2.9950000000000045,224.0,3,6.0,6.0,local_peak_frequency_hz,39.90785813630041,38.5,38.5,38.5,anomaly_candidate_not_confirmed_fault
STVMD,IMF6,stable_10deg,background_dynamic_mode,226.0,228.495,2.4950000000000045,227.0,2,4.046944556859572,3.8783218669904227,local_peak_frequency_hz,59.97479137691238,59.75,59.5,60.0,anomaly_candidate_not_confirmed_fault
SVMD,IMF8,stable_10deg,background_dynamic_mode,226.0,228.995,2.9950000000000045,227.0,3,4.721435316336167,4.721435316336167,local_peak_frequency_hz,72.63125869262865,68.5,68.5,68.5,anomaly_candidate_not_confirmed_fault
