method,mode,global_peak_frequency_hz,stable_10deg_median_rms_nm,stable_43deg_median_rms_nm,moving_median_rms_nm,stable_43_to_10_rms_ratio,moving_to_stable_rms_ratio,previous_10deg_median_rms_nm,late_10deg_median_rms_nm,late_to_previous_10deg_rms_ratio,angle_transition_sensitive,angle_state_sensitive,late_cycle_shift,behavior_candidates,interpretation_limit
STVMD,IMF2,2.1905424200278163,0.0245688471420445,0.02633219545013265,0.02438181794532715,1.0717717155344382,0.9538144579582668,0.025609874623521,0.0214111624551179,0.8360510455390109,False,False,False,relatively_stable_mode,behavioral association only; not a component or fault label
IOVMD,IMF2,5.4242002781641165,0.0171671193049666,0.0211348630467691,0.01608841190383605,1.231124609278758,0.8542884251630783,0.017137082130146274,0.016439274132198152,0.9592808161477616,False,False,False,relatively_stable_mode,behavioral association only; not a component or fault label
SVMD,IMF2,8.344923504867872,0.0108060084921006,0.01389731839883625,0.00980299780012985,1.2860732442506564,0.8458524186754801,0.010691005031826475,0.0110555184868108,1.0340953403257187,False,True,False,angle_state_sensitive,behavioral association only; not a component or fault label
IOVMD,IMF3,15.946627260083448,0.0435074651259929,0.0179258280092496,0.0275560134307936,0.4120172930631158,0.9375496562718889,0.03012492488294472,0.0514750746475042,1.708720431586753,False,True,True,"angle_state_sensitive,late_cycle_shift",behavioral association only; not a component or fault label
VMD,IMF2,16.18567454798331,0.0478931605809602,0.02602373140142225,0.03544210019199455,0.5433705164943279,0.8909716133299566,0.04126492098856642,0.0511080597135797,1.2385352616509386,False,True,False,angle_state_sensitive,behavioral association only; not a component or fault label
AVMD,IMF2,17.793810848400554,0.0618256777383735,0.09436806115485485,0.05775983546329885,1.526357083446622,0.8857279979909434,0.060812707631355725,0.06422381085349585,1.0560919478017303,False,True,False,angle_state_sensitive,behavioral association only; not a component or fault label
IOVMD,IMF4,17.793810848400554,0.0215750760100797,0.0816505548733093,0.02749452158607265,3.784485154775908,0.6607472955923677,0.030178491881709124,0.018558637930878648,0.614962404470805,True,True,True,"angle_transition_sensitive,angle_state_sensitive,late_cycle_shift",behavioral association only; not a component or fault label
STVMD,IMF3,17.793810848400554,0.0532225955578478,0.08495287755351605,0.045835966763307104,1.5961806571643082,0.8225699578978322,0.051856559058622076,0.054584284497840294,1.0526013582222913,False,True,False,angle_state_sensitive,behavioral association only; not a component or fault label
SVMD,IMF3,17.793810848400554,0.0619455207777646,0.0929526615658676,0.05796446245047905,1.5005550102539893,0.8837638171101678,0.060480714953196124,0.0646087252334828,1.0682533313880458,False,True,False,angle_state_sensitive,behavioral association only; not a component or fault label
VMD,IMF3,17.793810848400554,0.0288547189618272,0.08056596318286721,0.032156703997478345,2.7921243415834267,0.8428455807834242,0.030115029813660026,0.0287468841903758,0.9545693418950608,False,True,False,angle_state_sensitive,behavioral association only; not a component or fault label
IOVMD,IMF5,20.07127955493741,0.0281153489534141,0.0312812284952996,0.0284730568007673,1.1126032455485784,0.9590764920272103,0.0267621728891042,0.0316254013465361,1.1817202391443942,False,False,False,relatively_stable_mode,behavioral association only; not a component or fault label
STVMD,IMF4,20.07127955493741,0.0297247127843252,0.031210796415619052,0.02992678673818755,1.049994886143266,0.9764072236321155,0.028084965396778475,0.033499778495239996,1.1928011312088842,False,False,False,relatively_stable_mode,behavioral association only; not a component or fault label
SVMD,IMF4,29.263734353268426,0.0096910307443686,0.0141423992614048,0.00968973447091445,1.4593286962403396,0.8665588247074957,0.009708933855609524,0.01030127546267815,1.0610099539123086,False,True,False,angle_state_sensitive,behavioral association only; not a component or fault label
IOVMD,IMF6,35.626738525730175,0.0190749611239226,0.01801403001690715,0.022072805335214198,0.944380955739663,1.189776754391509,0.0172125119090518,0.02228953960906,1.2949614633142523,False,False,True,late_cycle_shift,behavioral association only; not a component or fault label
VMD,IMF4,35.626738525730175,0.0188858793442967,0.017776193598481,0.02145998867063345,0.9412425693511052,1.1664567415830842,0.01700633160205485,0.0218932142076891,1.287356657507695,False,False,True,late_cycle_shift,behavioral association only; not a component or fault label
AVMD,IMF3,39.90785813630041,0.0274812001739278,0.03179906922002135,0.0326912951604523,1.157120832378703,1.1235651357881458,0.026943025730662474,0.02802422036308485,1.0401289240202778,False,False,False,relatively_stable_mode,behavioral association only; not a component or fault label
IOVMD,IMF7,39.90785813630041,0.0191268736951242,0.022311239125026347,0.02226129147330765,1.1664864567340998,1.0781123736087384,0.02001757103745245,0.01602282171413955,0.8004378595265637,False,False,False,relatively_stable_mode,behavioral association only; not a component or fault label
STVMD,IMF5,39.90785813630041,0.0235540096784502,0.0275218231501419,0.02836414742495345,1.1684559667699226,1.1250544176538246,0.02289082377992865,0.0244553653511389,1.0683479802322295,False,False,False,relatively_stable_mode,behavioral association only; not a component or fault label
SVMD,IMF5,39.90785813630041,0.0282556038122666,0.032031454406298454,0.03346819025623885,1.1336319202066527,1.1237509356072044,0.027826225866458724,0.0283267436864425,1.0179872693618457,False,False,False,relatively_stable_mode,behavioral association only; not a component or fault label
VMD,IMF5,39.90785813630041,0.0192954704508028,0.022575131876336953,0.02253301353908005,1.1699705344783362,1.0796150502743267,0.02019463430843115,0.01621342187714865,0.802857909161517,False,False,False,relatively_stable_mode,behavioral association only; not a component or fault label
SVMD,IMF6,46.31867176634214,0.0082656986987364,0.010930940358277151,0.00831520757442785,1.3224460214050506,0.8678262663378483,0.008176196196556474,0.00861642717269295,1.0538430054212313,False,True,False,angle_state_sensitive,behavioral association only; not a component or fault label
AVMD,IMF4,54.08118915159944,0.0158292077427879,0.020865180140419,0.0184671195472852,1.3181443114185736,1.0039635721455125,0.014865754489706624,0.01767924876806305,1.1892601065290218,False,True,False,angle_state_sensitive,behavioral association only; not a component or fault label
VMD,IMF6,54.08118915159944,0.0136370214815888,0.018320181607093,0.016668761956825498,1.3434151755078325,1.0318333120240097,0.01255451004874965,0.015632397863287302,1.245161922096985,False,True,False,angle_state_sensitive,behavioral association only; not a component or fault label
STVMD,IMF7,59.94871349095966,0.012837592053585,0.01467183615681565,0.01477249122712865,1.142880697219084,1.0614407943454451,0.012064341694973849,0.01482919029507245,1.2291752563051326,False,False,False,relatively_stable_mode,behavioral association only; not a component or fault label
AVMD,IMF5,59.97479137691238,0.0153447053720271,0.0228502635737379,0.01477202580880665,1.4891301605173115,0.7790152187709206,0.014309236411253225,0.0201929997043699,1.411186392062765,True,True,True,"angle_transition_sensitive,angle_state_sensitive,late_cycle_shift",behavioral association only; not a component or fault label
IOVMD,IMF8,59.97479137691238,0.0141647995751985,0.0223451691387104,0.017029201747875297,1.5775139648170355,0.9135683057389341,0.013129040994098225,0.018125708988972748,1.3805813385090595,False,True,True,"angle_state_sensitive,late_cycle_shift",behavioral association only; not a component or fault label
STVMD,IMF6,59.97479137691238,0.0146349976932135,0.022865443737680152,0.01941565535297935,1.5623810961229534,0.9850029065301013,0.013384245891864925,0.0191011117728427,1.4271339548873818,False,True,True,"angle_state_sensitive,late_cycle_shift",behavioral association only; not a component or fault label
SVMD,IMF7,59.97479137691238,0.0190773255478758,0.028328195735208853,0.02208436487953835,1.4849144165473855,0.904704461791869,0.01760364304272497,0.02395370656352265,1.3607243969549618,False,True,True,"angle_state_sensitive,late_cycle_shift",behavioral association only; not a component or fault label
VMD,IMF7,59.97479137691238,0.013182745052121,0.02027459988071225,0.01197384275509875,1.5379649534714992,0.7268073149116817,0.012113021101358177,0.0179691738737959,1.4834593057697862,True,True,True,"angle_transition_sensitive,angle_state_sensitive,late_cycle_shift",behavioral association only; not a component or fault label
IOVMD,IMF9,72.63125869262865,0.0122349247745456,0.0148084327303828,0.01455530437508865,1.210341134355892,1.0572120906039744,0.01151282296598875,0.0151532278383785,1.3162043647456374,False,False,True,late_cycle_shift,behavioral association only; not a component or fault label
SVMD,IMF8,72.63125869262865,0.0109523459139617,0.0139666634924027,0.0122221130057871,1.2752211811168381,0.9731180606160484,0.010105390097499774,0.0135924407126853,1.3450683824712493,False,True,True,"angle_state_sensitive,late_cycle_shift",behavioral association only; not a component or fault label
VMD,IMF8,72.63125869262865,0.0121851847930278,0.01476647828477895,0.01472346508038995,1.2118386824324456,1.0772955069719345,0.01138151286899245,0.015087804181999849,1.325641358549481,False,False,True,late_cycle_shift,behavioral association only; not a component or fault label
AVMD,IMF6,80.04607093184978,0.0426886804126384,0.04579245810787035,0.0435385487711702,1.0727072766182955,0.9847237188017169,0.04183625187148012,0.04647372805848575,1.1108482710461631,False,False,False,relatively_stable_mode,behavioral association only; not a component or fault label
IOVMD,IMF10,80.04607093184978,0.0417860628436462,0.0436794990798222,0.04182643108115955,1.0453126259648,0.9838992729707152,0.04099363633232837,0.0453413245920972,1.1060576384227694,False,False,False,relatively_stable_mode,behavioral association only; not a component or fault label
STVMD,IMF8,80.04607093184978,0.0418314373968022,0.0436597934198439,0.04175505456538025,1.0437077025515082,0.9831832326327948,0.041069623053358276,0.04532311290560925,1.10356778407059,False,False,False,relatively_stable_mode,behavioral association only; not a component or fault label
SVMD,IMF9,80.04607093184978,0.0426504611430514,0.045926699247341995,0.0430700125033765,1.0768160065913877,0.971386709315039,0.04175783862826575,0.046458383478624105,1.1125667660197414,False,False,False,relatively_stable_mode,behavioral association only; not a component or fault label
VMD,IMF9,80.04607093184978,0.0417606909945455,0.0436208049208242,0.0417818957875416,1.0445422209733413,0.9843392412427252,0.04097606203000935,0.04531515929172135,1.105893466740019,False,False,False,relatively_stable_mode,behavioral association only; not a component or fault label
AVMD,IMF7,90.29468011126563,0.0256086870815213,0.01981020452438015,0.02028917578240195,0.7735736104438798,0.9469367736337163,0.027384707596446525,0.02032447934343325,0.7421835442957374,False,True,True,"angle_state_sensitive,late_cycle_shift",behavioral association only; not a component or fault label
IOVMD,IMF11,90.29468011126563,0.0240349784694114,0.0159443993769791,0.01851887996420895,0.6633831354278479,1.0390369017387266,0.026070591637979274,0.0182482867531714,0.6999567561246824,False,True,True,"angle_state_sensitive,late_cycle_shift",behavioral association only; not a component or fault label
SVMD,IMF10,90.29468011126563,0.0229085517316144,0.017265677325432903,0.018150195480908952,0.7536782563869217,0.9668927556528281,0.024479710468602426,0.0180396391919955,0.7369220814573318,False,True,True,"angle_state_sensitive,late_cycle_shift",behavioral association only; not a component or fault label
VMD,IMF10,90.29468011126563,0.0240235707568666,0.015921598881814,0.0185056674808261,0.6627490577046302,1.0401025068558716,0.0260542583649001,0.0182222467495379,0.6993961023310676,False,True,True,"angle_state_sensitive,late_cycle_shift",behavioral association only; not a component or fault label
STVMD,IMF9,90.49461057023645,0.0233929805983907,0.014213092989749699,0.01764889828930825,0.6075793945952891,1.0667175705085168,0.025716749867278677,0.0178739498103885,0.6950314445889872,False,True,True,"angle_state_sensitive,late_cycle_shift",behavioral association only; not a component or fault label
STVMD,IMF10,97.83988178025034,0.0081030739193595,0.012144835212865551,0.008040919553832699,1.498793585462589,0.8824647317583366,0.0081410996741006,0.00831786512939495,1.0217127246158735,False,True,False,angle_state_sensitive,behavioral association only; not a component or fault label
