method,mode,event_id,direction,start_time_s,end_time_s,duration_s,peak_frequency_hz,pre_event_rms_nm,post_event_rms_nm,expected_baseline_rms_nm,event_rms_nm,corrected_response_ratio,excess_percent
VMD,IMF1,1,10_to_43,31.015,37.76,6.744999999999997,0.008692628650904,0.12189837577347032,0.1407680971836988,0.1316716962770083,0.06029141177674961,0.4578919652550821,-54.21080347449178
VMD,IMF2,1,10_to_43,31.015,37.76,6.744999999999997,16.18567454798331,0.04848885804395142,0.02653256419643646,0.039084180413848355,0.04444557531031699,1.1371755743551162,13.717557435511619
VMD,IMF3,1,10_to_43,31.015,37.76,6.744999999999997,17.793810848400554,0.02385258207302511,0.04541251689015892,0.03627149267571827,0.0315747867146172,0.870512470961934,-12.948752903806604
VMD,IMF4,1,10_to_43,31.015,37.76,6.744999999999997,35.626738525730175,0.017279855367053325,0.014588209015448904,0.015990766769994277,0.019747424466384066,1.2349266767769345,23.492667677693447
VMD,IMF5,1,10_to_43,31.015,37.76,6.744999999999997,39.90785813630041,0.02139480557894655,0.02315528243522435,0.022292429324951686,0.022714691955058094,1.0189419746027308,1.8941974602730838
VMD,IMF6,1,10_to_43,31.015,37.76,6.744999999999997,54.08118915159944,0.013330154631311458,0.015513030503083324,0.014462834056371316,0.015397309899777162,1.0646122219036442,6.461222190364424
VMD,IMF7,1,10_to_43,31.015,37.76,6.744999999999997,59.97479137691238,0.013341228795841197,0.017920888231953345,0.01579788942873614,0.010668669882511033,0.6753224809324765,-32.467751906752355
VMD,IMF8,1,10_to_43,31.015,37.76,6.744999999999997,72.63125869262865,0.012521467973675583,0.011107257757567419,0.011835504533158375,0.015884584931576917,1.3421130368438987,34.21130368438987
VMD,IMF9,1,10_to_43,31.015,37.76,6.744999999999997,80.04607093184978,0.038278781155812236,0.04484333556127237,0.04169046552291927,0.04869897090102418,1.1681081103364508,16.81081103364508
VMD,IMF10,1,10_to_43,31.015,37.76,6.744999999999997,90.29468011126563,0.026107948226881998,0.01431019246423424,0.021052393794779932,0.01962358583911448,0.9321308555410106,-6.786914445898939
VMD,IMF1,2,43_to_10,87.79,94.25,6.459999999999994,0.008692628650904,0.14154803758017934,0.1104099091677586,0.1269373762633224,0.0688326976757145,0.542257132626769,-45.7742867373231
VMD,IMF2,2,43_to_10,87.79,94.25,6.459999999999994,16.18567454798331,0.04516172177374217,0.04210396766816207,0.043659622117985256,0.029893362273722614,0.6846912736198023,-31.53087263801977
VMD,IMF3,2,43_to_10,87.79,94.25,6.459999999999994,17.793810848400554,0.03387914976921322,0.025899567505691327,0.03015447218959936,0.031069449913350755,1.0303430190387144,3.034301903871439
VMD,IMF4,2,43_to_10,87.79,94.25,6.459999999999994,35.626738525730175,0.018280160887422084,0.021005023623909765,0.019689785416695676,0.022453797140338887,1.1403779505539713,14.03779505539713
VMD,IMF5,2,43_to_10,87.79,94.25,6.459999999999994,39.90785813630041,0.030502620572300562,0.020488256948376388,0.025982480006346842,0.02229818538313876,0.8582008098415507,-14.179919015844932
VMD,IMF6,2,43_to_10,87.79,94.25,6.459999999999994,54.08118915159944,0.01808606472366304,0.017277333553416395,0.017686322284530164,0.016739431368491372,0.9464619664390591,-5.3538033560940885
VMD,IMF7,2,43_to_10,87.79,94.25,6.459999999999994,59.97479137691238,0.014702755470733117,0.011836011820727965,0.013346576232363577,0.010908223431852779,0.8173049958237129,-18.269500417628713
VMD,IMF8,2,43_to_10,87.79,94.25,6.459999999999994,72.63125869262865,0.01477192745259553,0.014368570123222452,0.014571644520278182,0.014099375680296778,0.9675898736533007,-3.2410126346699264
VMD,IMF9,2,43_to_10,87.79,94.25,6.459999999999994,80.04607093184978,0.03988573265765627,0.035021772640867956,0.03753262732974255,0.03748802662085446,0.998811681673754,-0.11883183262459962
VMD,IMF10,2,43_to_10,87.79,94.25,6.459999999999994,90.29468011126563,0.01686483443627235,0.020680910088195018,0.018869587735810288,0.01775298117288379,0.9408250684349916,-5.917493156500841
VMD,IMF1,3,10_to_43,131.24,137.695,6.454999999999984,0.008692628650904,0.12326047013003903,0.1328805791844011,0.12816082049725677,0.06580977670360776,0.5134937217807246,-48.650627821927536
VMD,IMF2,3,10_to_43,131.24,137.695,6.454999999999984,16.18567454798331,0.048232557589936394,0.014055657486406227,0.03552422496720863,0.0329129872416228,0.9264941676279725,-7.350583237202746
VMD,IMF3,3,10_to_43,131.24,137.695,6.454999999999984,17.793810848400554,0.027809486647677482,0.05624595276968084,0.04436763882931184,0.04062631786908924,0.9156745533694962,-8.432544663050379
VMD,IMF4,3,10_to_43,131.24,137.695,6.454999999999984,35.626738525730175,0.018884571585942884,0.015593602596743188,0.01731744042764053,0.019491578506656903,1.1255461560904931,12.554615609049314
VMD,IMF5,3,10_to_43,131.24,137.695,6.454999999999984,39.90785813630041,0.020952485322775032,0.022886819034736994,0.021940979088567385,0.021973109067893123,1.0014643822044604,0.1464382204460435
VMD,IMF6,3,10_to_43,131.24,137.695,6.454999999999984,54.08118915159944,0.011297802325772321,0.01718045958899586,0.014539747746803352,0.01650690212339844,1.1352949453354566,13.52949453354566
VMD,IMF7,3,10_to_43,131.24,137.695,6.454999999999984,59.97479137691238,0.013503210465087461,0.015296343678323093,0.014427661327980748,0.013519963852879756,0.9370863056411908,-6.291369435880922
VMD,IMF8,3,10_to_43,131.24,137.695,6.454999999999984,72.63125869262865,0.011101473672956007,0.012799921365131159,0.011980832706136842,0.013509733327113223,1.1276122168197245,12.761221681972446
VMD,IMF9,3,10_to_43,131.24,137.695,6.454999999999984,80.04607093184978,0.041484900190958206,0.043110411776294905,0.04230546387510407,0.04601947200540896,1.087790270809216,8.779027080921598
VMD,IMF10,3,10_to_43,131.24,137.695,6.454999999999984,90.29468011126563,0.02554737002566181,0.015299739069699938,0.021056473242556387,0.018777861401962085,0.8917856844141833,-10.821431558581674
VMD,IMF1,4,43_to_10,183.66,196.315,12.655,0.008692628650904,0.13283609407684396,0.12186087361956964,0.12746666311023613,0.06258652122961908,0.4910030568188076,-50.89969431811924
VMD,IMF2,4,43_to_10,183.66,196.315,12.655,16.18567454798331,0.025218632634302855,0.0509291825659948,0.040185576198334856,0.03549204440802523,0.8832035711732782,-11.67964288267218
VMD,IMF3,4,43_to_10,183.66,196.315,12.655,17.793810848400554,0.08526977010680341,0.02698502485051033,0.06324209539638043,0.0309511812556255,0.4894079024680284,-51.05920975319715
VMD,IMF4,4,43_to_10,183.66,196.315,12.655,35.626738525730175,0.01883571446483562,0.022463312268142743,0.02072901996546038,0.025593677836568712,1.2346786234570686,23.46786234570686
VMD,IMF5,4,43_to_10,183.66,196.315,12.655,39.90785813630041,0.022790097912658767,0.014158035021600844,0.01897153813665947,0.02293983277711644,1.2091709492330973,20.917094923309733
VMD,IMF6,4,43_to_10,183.66,196.315,12.655,54.08118915159944,0.01816843101702478,0.018463417762541068,0.018316518243030048,0.01823813944870202,0.9957208682737587,-0.4279131726241281
VMD,IMF7,4,43_to_10,183.66,196.315,12.655,59.97479137691238,0.02247379591364919,0.015522016338979396,0.019313266088312176,0.01141831007241615,0.5912159041461236,-40.878409585387644
VMD,IMF8,4,43_to_10,183.66,196.315,12.655,72.63125869262865,0.01409473910884374,0.014023561156331518,0.01405919517703164,0.016436779839283964,1.1691124301436941,16.911243014369415
VMD,IMF9,4,43_to_10,183.66,196.315,12.655,80.04607093184978,0.043967640728986276,0.04575060389759344,0.04486797960833374,0.03505000936554578,0.781180915020199,-21.881908497980096
VMD,IMF10,4,43_to_10,183.66,196.315,12.655,90.29468011126563,0.016367964781118554,0.018398964313455193,0.01741310079916462,0.02008749718574615,1.1535853043881668,15.358530438816675
IOVMD,IMF1,1,10_to_43,31.015,37.76,6.744999999999997,0.008692628650904,0.12101620981663833,0.14025314552584967,0.1309882969357946,0.059156842265851314,0.4516192946217761,-54.83807053782239
IOVMD,IMF2,1,10_to_43,31.015,37.76,6.744999999999997,5.4242002781641165,0.018387779749533213,0.018313507616355734,0.018350681258902393,0.014443588034658896,0.7870872928846679,-21.291270711533205
IOVMD,IMF3,1,10_to_43,31.015,37.76,6.744999999999997,15.946627260083448,0.03861707760597378,0.015834983440948906,0.029512924146896456,0.04092004589926872,1.3865127594810636,38.65127594810636
IOVMD,IMF4,1,10_to_43,31.015,37.76,6.744999999999997,17.793810848400554,0.022642321867816423,0.05078540287907953,0.039318137577689365,0.026072393213557043,0.6631136371106126,-33.688636288938746
IOVMD,IMF5,1,10_to_43,31.015,37.76,6.744999999999997,20.07127955493741,0.024067524331270438,0.02841476321894714,0.026331013047593953,0.029829812663959024,1.1328775163356193,13.287751633561928
IOVMD,IMF6,1,10_to_43,31.015,37.76,6.744999999999997,35.626738525730175,0.017527899382482177,0.015055776304329966,0.01633866054620823,0.02022995734778654,1.238164982409245,23.81649824092451
IOVMD,IMF7,1,10_to_43,31.015,37.76,6.744999999999997,39.90785813630041,0.021214450341331615,0.02271610621936454,0.02197810711883848,0.022380117613135117,1.018291406631286,1.8291406631286034
IOVMD,IMF8,1,10_to_43,31.015,37.76,6.744999999999997,59.97479137691238,0.013527740798433495,0.018525702167054296,0.01622037934038539,0.015637016886987584,0.9640352151354836,-3.5964784864516375
IOVMD,IMF9,1,10_to_43,31.015,37.76,6.744999999999997,72.63125869262865,0.012540349042373888,0.011363963622120344,0.011966620728289216,0.015687317906042907,1.310922963318953,31.092296331895298
IOVMD,IMF10,1,10_to_43,31.015,37.76,6.744999999999997,80.04607093184978,0.03830627026485996,0.044870980959589614,0.04171795341265165,0.048718072488362726,1.1677963203628339,16.779632036283388
IOVMD,IMF11,1,10_to_43,31.015,37.76,6.744999999999997,90.29468011126563,0.02612366519725577,0.01432827012261588,0.02106828431606332,0.01964235565671542,0.9323187100593323,-6.768128994066769
IOVMD,IMF1,2,43_to_10,87.79,94.25,6.459999999999994,0.008692628650904,0.14083921553861958,0.10895419860299338,0.12591009099106049,0.06719857710084692,0.5337028714054219,-46.629712859457804
IOVMD,IMF2,2,43_to_10,87.79,94.25,6.459999999999994,5.4242002781641165,0.020955169051051496,0.025135127351941833,0.023139724900660345,0.017512615647113934,0.756820391007076,-24.3179608992924
IOVMD,IMF3,2,43_to_10,87.79,94.25,6.459999999999994,15.946627260083448,0.042491520514824084,0.0421865134293309,0.04233929162719206,0.024138830835794982,0.570128358507822,-42.987164149217804
IOVMD,IMF4,2,43_to_10,87.79,94.25,6.459999999999994,17.793810848400554,0.03236141215209836,0.018647664889986953,0.02641019123678615,0.027850832414594427,1.0545486840625993,5.454868406259927
IOVMD,IMF5,2,43_to_10,87.79,94.25,6.459999999999994,20.07127955493741,0.030212285050750073,0.025585727430868486,0.027994746079884992,0.028517933081936446,1.018688756831675,1.8688756831674924
IOVMD,IMF6,2,43_to_10,87.79,94.25,6.459999999999994,35.626738525730175,0.018824578234926052,0.02066108696936835,0.01976417542523156,0.02325618468988264,1.1766837821219231,17.668378212192316
IOVMD,IMF7,2,43_to_10,87.79,94.25,6.459999999999994,39.90785813630041,0.02992889597355856,0.020364121918503335,0.025597229105000386,0.02188556453685858,0.8549974080039493,-14.50025919960507
IOVMD,IMF8,2,43_to_10,87.79,94.25,6.459999999999994,59.97479137691238,0.022183687728151238,0.015111038532202234,0.018979719264807744,0.01722151105512,0.9073638453152562,-9.263615468474384
IOVMD,IMF9,2,43_to_10,87.79,94.25,6.459999999999994,72.63125869262865,0.014785687521246376,0.014512965039706331,0.014649960916665938,0.013719894684712056,0.9365140810105623,-6.348591898943767
IOVMD,IMF10,2,43_to_10,87.79,94.25,6.459999999999994,80.04607093184978,0.03993019972409925,0.035048270416488975,0.037568617948986305,0.037522985113417326,0.9987853469714818,-0.12146530285181978
IOVMD,IMF11,2,43_to_10,87.79,94.25,6.459999999999994,90.29468011126563,0.01689194358476579,0.02071067624329075,0.018898014029592076,0.017767060977965158,0.9401549258109355,-5.984507418906448
IOVMD,IMF1,3,10_to_43,131.24,137.695,6.454999999999984,0.008692628650904,0.12231119970747431,0.13231980132547233,0.1274138128239912,0.06448521748148728,0.5061085297758637,-49.389147022413624
IOVMD,IMF2,3,10_to_43,131.24,137.695,6.454999999999984,5.4242002781641165,0.017384563576089106,0.016772993729368232,0.017081515877938207,0.015571657421049148,0.9116086378001655,-8.839136219983445
IOVMD,IMF3,3,10_to_43,131.24,137.695,6.454999999999984,15.946627260083448,0.04454954638816727,0.011720462481322184,0.03257323536408034,0.022252816323795582,0.6831626049752045,-31.683739502479547
IOVMD,IMF4,3,10_to_43,131.24,137.695,6.454999999999984,17.793810848400554,0.020757760966970507,0.05087554179030187,0.03885360596404558,0.04287720346634847,1.1035578912810886,10.35578912810886
IOVMD,IMF5,3,10_to_43,131.24,137.695,6.454999999999984,20.07127955493741,0.02586062557532538,0.03090009100213057,0.028491995183622398,0.02796269284897836,0.9814227704577078,-1.857722954229224
IOVMD,IMF6,3,10_to_43,131.24,137.695,6.454999999999984,35.626738525730175,0.019157907120343404,0.015915204231140914,0.01761134763370808,0.02023738333622958,1.1491104347685055,14.91104347685055
IOVMD,IMF7,3,10_to_43,131.24,137.695,6.454999999999984,39.90785813630041,0.020817466756479018,0.022249134046685583,0.021545195380693265,0.021780734889822,1.0109323450062468,1.0932345006246846
IOVMD,IMF8,3,10_to_43,131.24,137.695,6.454999999999984,59.97479137691238,0.012959196232118582,0.01938188123640959,0.016486328991695554,0.01879274893050133,1.1398989392949492,13.989893929494922
IOVMD,IMF9,3,10_to_43,131.24,137.695,6.454999999999984,72.63125869262865,0.011227735665447242,0.012728971679109096,0.012001849194618249,0.013502052873588329,1.1249977111562763,12.499771115627635
IOVMD,IMF10,3,10_to_43,131.24,137.695,6.454999999999984,80.04607093184978,0.0414999953004859,0.04316099620485654,0.04233864194406802,0.046045907759204835,1.0875622279059953,8.756222790599534
IOVMD,IMF11,3,10_to_43,131.24,137.695,6.454999999999984,90.29468011126563,0.025567396118675256,0.01532392975633493,0.02107741169435111,0.018790525570147078,0.8915006188916008,-10.849938110839918
IOVMD,IMF1,4,43_to_10,183.66,196.315,12.655,0.008692628650904,0.1318955296216429,0.1211831286583036,0.12665263796224033,0.0613297345391673,0.4842357453103494,-51.576425468965056
IOVMD,IMF2,4,43_to_10,183.66,196.315,12.655,5.4242002781641165,0.02393352500644345,0.01719360615511914,0.020837870714775594,0.01638045446830809,0.7860906084177369,-21.390939158226306
IOVMD,IMF3,4,43_to_10,183.66,196.315,12.655,15.946627260083448,0.0179311435821332,0.05066351435923169,0.03800208939907879,0.03218063879432294,0.8468123543518382,-15.318764564816178
IOVMD,IMF4,4,43_to_10,183.66,196.315,12.655,17.793810848400554,0.08932145305951988,0.019995238057145273,0.06472299252053293,0.02616477421931756,0.4042577946471953,-59.574220535280475
IOVMD,IMF5,4,43_to_10,183.66,196.315,12.655,20.07127955493741,0.0325349093000114,0.025550665617954594,0.029251981442976607,0.027200539313699954,0.9298699770722983,-7.013002292770166
IOVMD,IMF6,4,43_to_10,183.66,196.315,12.655,35.626738525730175,0.01916950673393886,0.02244922521818636,0.020873879626453987,0.026062003642767003,1.2485462266313914,24.854622663139136
IOVMD,IMF7,4,43_to_10,183.66,196.315,12.655,39.90785813630041,0.022346653472222578,0.014028141013459556,0.018656924474589904,0.022756977540900204,1.2197603936219195,21.976039362191948
IOVMD,IMF8,4,43_to_10,183.66,196.315,12.655,59.97479137691238,0.022412597754880356,0.017788724799152753,0.020233181510850684,0.016978031083802237,0.8391182115722745,-16.08817884277255
IOVMD,IMF9,4,43_to_10,183.66,196.315,12.655,72.63125869262865,0.01419886417678915,0.014074897610357481,0.014137016776055564,0.016227443776469147,1.1478690330165147,14.786903301651467
IOVMD,IMF10,4,43_to_10,183.66,196.315,12.655,80.04607093184978,0.0440247373986441,0.04577418264197566,0.044907979800702005,0.03507428494163026,0.7810256684287983,-21.897433157120172
IOVMD,IMF11,4,43_to_10,183.66,196.315,12.655,90.29468011126563,0.01639309886102792,0.018422547483218872,0.017437372881814635,0.020102652450934826,1.1528486881128637,15.284868811286367
AVMD,IMF1,1,10_to_43,31.015,37.76,6.744999999999997,0.008692628650904,0.12311513154494139,0.14164584412055728,0.13270433446567115,0.06180911834267271,0.4657656329881366,-53.42343670118635
AVMD,IMF2,1,10_to_43,31.015,37.76,6.744999999999997,17.793810848400554,0.06062769400315756,0.0670227136560255,0.063905247929877,0.06099907660956683,0.9545237454755031,-4.547625452449688
AVMD,IMF3,1,10_to_43,31.015,37.76,6.744999999999997,39.90785813630041,0.027426181729175568,0.02951578852719715,0.028490149320633498,0.031524112117728216,1.1064916425305438,10.649164253054376
AVMD,IMF4,1,10_to_43,31.015,37.76,6.744999999999997,54.08118915159944,0.015496763231495996,0.01780867335397669,0.01669279061873247,0.016887352688317245,1.0116554549822507,1.1655454982250735
AVMD,IMF5,1,10_to_43,31.015,37.76,6.744999999999997,59.97479137691238,0.015553157088050915,0.019736568690747705,0.01776841072085783,0.014008686749175145,0.7884040373251135,-21.159596267488645
AVMD,IMF6,1,10_to_43,31.015,37.76,6.744999999999997,80.04607093184978,0.039502576846684505,0.04590612623243886,0.04282421046088781,0.04975731964744184,1.1618969529604328,16.189695296043283
AVMD,IMF7,1,10_to_43,31.015,37.76,6.744999999999997,90.29468011126563,0.027501458245223532,0.016921551680666027,0.02283275188074386,0.021436444674602238,0.9388463023014231,-6.1153697698576925
AVMD,IMF1,2,43_to_10,87.79,94.25,6.459999999999994,0.008692628650904,0.14268717580690873,0.11265861054123004,0.12855269866640728,0.07098997948680519,0.552224731361131,-44.7775268638869
AVMD,IMF2,2,43_to_10,87.79,94.25,6.459999999999994,17.793810848400554,0.06344091660334628,0.054569199715297265,0.05917156182255432,0.050885017471296375,0.8599573157100717,-14.004268428992827
AVMD,IMF3,2,43_to_10,87.79,94.25,6.459999999999994,39.90785813630041,0.03781126739311547,0.028796783765051463,0.03360763824701766,0.03343425654091433,0.9948410029639999,-0.515899703600009
AVMD,IMF4,2,43_to_10,87.79,94.25,6.459999999999994,54.08118915159944,0.020591171761158062,0.01958696501027183,0.0200953421569667,0.01778838450463719,0.8851993842996235,-11.480061570037648
AVMD,IMF5,2,43_to_10,87.79,94.25,6.459999999999994,59.97479137691238,0.017813061697461604,0.014260150546952037,0.016134699573579145,0.013415323570075802,0.8314579090176325,-16.85420909823675
AVMD,IMF6,2,43_to_10,87.79,94.25,6.459999999999994,80.04607093184978,0.04160115784688831,0.036355314199043844,0.0390663871167588,0.03910288870328767,1.0009343476380292,0.09343476380292426
AVMD,IMF7,2,43_to_10,87.79,94.25,6.459999999999994,90.29468011126563,0.020922784136186656,0.022166786264016494,0.02155376196031744,0.019302537967817,0.8955530827219322,-10.444691727806777
AVMD,IMF1,3,10_to_43,131.24,137.695,6.454999999999984,0.008692628650904,0.12449430236062957,0.13375710102962027,0.12920873305645383,0.06765281385870436,0.5235931988369975,-47.640680116300246
AVMD,IMF2,3,10_to_43,131.24,137.695,6.454999999999984,17.793810848400554,0.05839819117208653,0.06351249866885313,0.06100895925736086,0.06347273209287008,1.0403837873240225,4.038378732402248
AVMD,IMF3,3,10_to_43,131.24,137.695,6.454999999999984,39.90785813630041,0.02791485305290155,0.030684138930822672,0.02933219564651711,0.031339507383734984,1.0684337361378613,6.84337361378613
AVMD,IMF4,3,10_to_43,131.24,137.695,6.454999999999984,54.08118915159944,0.013130495389615544,0.019233554043794475,0.016467232771966846,0.018911878442874626,1.14845515969565,14.845515969565003
AVMD,IMF5,3,10_to_43,131.24,137.695,6.454999999999984,59.97479137691238,0.015252766391387002,0.01824206339636741,0.01681397870147504,0.016970754508823908,1.0093241350029254,0.9324135002925393
AVMD,IMF6,3,10_to_43,131.24,137.695,6.454999999999984,80.04607093184978,0.04219847207186498,0.04482231427749105,0.04353016713952605,0.04718933848941646,1.084060585803904,8.406058580390408
AVMD,IMF7,3,10_to_43,131.24,137.695,6.454999999999984,90.29468011126563,0.02688883685411201,0.019109154039320408,0.023325622343953953,0.020988017192834472,0.8997838035508882,-10.021619644911183
AVMD,IMF1,4,43_to_10,183.66,196.315,12.655,0.008692628650904,0.13440770736014115,0.12290372789168975,0.12878423453102453,0.06438647285080829,0.4999561715397499,-50.00438284602501
AVMD,IMF2,4,43_to_10,183.66,196.315,12.655,17.793810848400554,0.10030102183950443,0.05964065764738749,0.0825145533426123,0.05273070546740483,0.6390473356676774,-36.09526643323227
AVMD,IMF3,4,43_to_10,183.66,196.315,12.655,39.90785813630041,0.033247422447196515,0.026864373973383687,0.030224871284789297,0.03455270064429934,1.1431876853579201,14.318768535792014
AVMD,IMF4,4,43_to_10,183.66,196.315,12.655,54.08118915159944,0.020890425596405988,0.020250895456634728,0.020573145704953867,0.019572899156934984,0.9513809622328183,-4.861903776718169
AVMD,IMF5,4,43_to_10,183.66,196.315,12.655,59.97479137691238,0.024213551169916244,0.017784702595860704,0.021243725034482144,0.014160915774053314,0.666592876299602,-33.3407123700398
AVMD,IMF6,4,43_to_10,183.66,196.315,12.655,80.04607093184978,0.04598152433768712,0.04678456794590076,0.04638478402613252,0.03650259207875942,0.7869518602952724,-21.304813970472757
AVMD,IMF7,4,43_to_10,183.66,196.315,12.655,90.29468011126563,0.01940212607986088,0.019855914038098756,0.019630331361278456,0.021596863621061765,1.1001782508706077,10.017825087060771
SVMD,IMF1,1,10_to_43,31.015,37.76,6.744999999999997,0.008692628650904,0.12324496090051706,0.14163699543903177,0.13275985625249503,0.06190335656755268,0.46628068389754146,-53.37193161024585
SVMD,IMF2,1,10_to_43,31.015,37.76,6.744999999999997,8.344923504867872,0.011409216741609137,0.009837302058154399,0.01065229408250596,0.008371979606351786,0.7859320763684992,-21.406792363150085
SVMD,IMF3,1,10_to_43,31.015,37.76,6.744999999999997,17.793810848400554,0.06032914873625051,0.06653366396435825,0.06350722253320004,0.06184198783972835,0.9737788140144037,-2.6221185985596307
SVMD,IMF4,1,10_to_43,31.015,37.76,6.744999999999997,29.263734353268426,0.009247937918113827,0.010862525997511916,0.010087587094640367,0.009554618020467486,0.9471658515388628,-5.283414846113721
SVMD,IMF5,1,10_to_43,31.015,37.76,6.744999999999997,39.90785813630041,0.028375451845588658,0.03031694825189226,0.029362251435722995,0.032482086892711245,1.106253277743973,10.62532777439731
SVMD,IMF6,1,10_to_43,31.015,37.76,6.744999999999997,46.31867176634214,0.008582447582651562,0.00976751294959261,0.009194093640196976,0.007749914219504525,0.8429231333496066,-15.707686665039343
SVMD,IMF7,1,10_to_43,31.015,37.76,6.744999999999997,59.97479137691238,0.018537676574646514,0.024302945490564613,0.021613405704603253,0.01981012130342634,0.9165663928293889,-8.34336071706111
SVMD,IMF8,1,10_to_43,31.015,37.76,6.744999999999997,72.63125869262865,0.011634140693987402,0.01068050567685419,0.011167507134558014,0.012448131084999772,1.1146741107940596,11.467411079405965
SVMD,IMF9,1,10_to_43,31.015,37.76,6.744999999999997,80.04607093184978,0.03944189578292535,0.04611034958187877,0.04290587070270344,0.04952457376751965,1.1542610126869928,15.426101268699277
SVMD,IMF10,1,10_to_43,31.015,37.76,6.744999999999997,90.29468011126563,0.024571131487218557,0.015001322912771892,0.020356573774771607,0.019158734479102137,0.9411571264927705,-5.88428735072295
SVMD,IMF1,2,43_to_10,87.79,94.25,6.459999999999994,0.008692628650904,0.1426760873892591,0.11285059008641071,0.1286307148303985,0.07118624256521554,0.5534155870864563,-44.658441291354364
SVMD,IMF2,2,43_to_10,87.79,94.25,6.459999999999994,8.344923504867872,0.013095516286523333,0.011683288460016279,0.01240950796870181,0.010290214774002243,0.8292202075985071,-17.07797924014929
SVMD,IMF3,2,43_to_10,87.79,94.25,6.459999999999994,17.793810848400554,0.0635531299464037,0.055875425888490295,0.05983754483685242,0.05101589141951981,0.8525732724932995,-14.74267275067005
SVMD,IMF4,2,43_to_10,87.79,94.25,6.459999999999994,29.263734353268426,0.011948855014698442,0.010452400400415764,0.01122559152768565,0.009732265819028852,0.8669713123826203,-13.302868761737974
SVMD,IMF5,2,43_to_10,87.79,94.25,6.459999999999994,39.90785813630041,0.03908748527438711,0.029851776886833308,0.03477757961946679,0.03429769079984756,0.9862012013236651,-1.3798798676334934
SVMD,IMF6,2,43_to_10,87.79,94.25,6.459999999999994,46.31867176634214,0.009868198631630081,0.008447740973912835,0.009185468735879285,0.007752585893622871,0.8440054739221482,-15.59945260778518
SVMD,IMF7,2,43_to_10,87.79,94.25,6.459999999999994,59.97479137691238,0.02626944895304505,0.02049673362382601,0.02356056066334924,0.02149197619111449,0.9122013902049184,-8.779860979508157
SVMD,IMF8,2,43_to_10,87.79,94.25,6.459999999999994,72.63125869262865,0.013322732549349322,0.012006755775107326,0.012681825318631483,0.011532391154560614,0.9093636653091113,-9.063633469088872
SVMD,IMF9,2,43_to_10,87.79,94.25,6.459999999999994,80.04607093184978,0.04143887428676257,0.03613564432345963,0.03887778988590846,0.03884196210340063,0.9990784511513393,-0.09215488486606915
SVMD,IMF10,2,43_to_10,87.79,94.25,6.459999999999994,90.29468011126563,0.018324987530877256,0.019909491186905427,0.019133648467141228,0.017263428528346135,0.9022549232046948,-9.774507679530519
SVMD,IMF1,3,10_to_43,131.24,137.695,6.454999999999984,0.008692628650904,0.12468752606979283,0.1337118924771258,0.12927847722498073,0.06761464962212127,0.5230155171494855,-47.698448285051455
SVMD,IMF2,3,10_to_43,131.24,137.695,6.454999999999984,8.344923504867872,0.009157752461518487,0.010144519525510902,0.009663739093899417,0.010841330674305545,1.1218567232583427,12.185672325834274
SVMD,IMF3,3,10_to_43,131.24,137.695,6.454999999999984,17.793810848400554,0.058599477981715525,0.06315965663245564,0.060922249817530784,0.06291996525678943,1.0327912289063854,3.2791228906385417
SVMD,IMF4,3,10_to_43,131.24,137.695,6.454999999999984,29.263734353268426,0.009101479119353459,0.012668441069001921,0.01103010247637803,0.011697041285658061,1.0604653320953583,6.0465332095358315
SVMD,IMF5,3,10_to_43,131.24,137.695,6.454999999999984,39.90785813630041,0.029177658640560787,0.030940344878118618,0.030071919667041647,0.0318530545164638,1.0592291702406431,5.922917024064311
SVMD,IMF6,3,10_to_43,131.24,137.695,6.454999999999984,46.31867176634214,0.00680003253547384,0.009477971960739346,0.008248405754206808,0.010085912711687602,1.2227711647846176,22.277116478461757
SVMD,IMF7,3,10_to_43,131.24,137.695,6.454999999999984,59.97479137691238,0.01755122553418562,0.02432323993800557,0.021209261170932362,0.023111291864738204,1.0896792527790928,8.967925277909284
SVMD,IMF8,3,10_to_43,131.24,137.695,6.454999999999984,72.63125869262865,0.009711058863013702,0.012078779403594614,0.01095905050909107,0.01247071599470538,1.1379376328597364,13.793763285973636
SVMD,IMF9,3,10_to_43,131.24,137.695,6.454999999999984,80.04607093184978,0.04222538801079624,0.044898065466127464,0.04358221928299982,0.047184537520252263,1.0826556861150392,8.265568611503916
SVMD,IMF10,3,10_to_43,131.24,137.695,6.454999999999984,90.29468011126563,0.02403116240060226,0.017080505569109835,0.020847547059792332,0.018363810501346393,0.8808619282008384,-11.913807179916159
SVMD,IMF1,4,43_to_10,183.66,196.315,12.655,0.008692628650904,0.13428296153415598,0.12290651139239585,0.128720480695639,0.06450706551425912,0.5011406511663579,-49.885934883364214
SVMD,IMF2,4,43_to_10,183.66,196.315,12.655,8.344923504867872,0.014394714618464042,0.010417401993177986,0.01256443538792116,0.0102167353874575,0.8131471946029007,-18.685280539709925
SVMD,IMF3,4,43_to_10,183.66,196.315,12.655,17.793810848400554,0.09888123489477631,0.0600559383997923,0.08180530041322376,0.052852825602118535,0.6460806981349942,-35.39193018650057
SVMD,IMF4,4,43_to_10,183.66,196.315,12.655,29.263734353268426,0.01521871170978774,0.01025691015549612,0.012977160553132375,0.009835165702089295,0.7578827172416637,-24.211728275833632
SVMD,IMF5,4,43_to_10,183.66,196.315,12.655,39.90785813630041,0.03327968900567847,0.027232634029649306,0.03040685824372102,0.03576954803050531,1.1763644814535115,17.636448145351146
SVMD,IMF6,4,43_to_10,183.66,196.315,12.655,46.31867176634214,0.010961035463613029,0.008849301489592475,0.009961285943297836,0.008509008460670724,0.854207831107967,-14.579216889203295
SVMD,IMF7,4,43_to_10,183.66,196.315,12.655,59.97479137691238,0.029514822723920534,0.0241155316927957,0.02695072938948675,0.022107659475145387,0.820299115309636,-17.970088469036405
SVMD,IMF8,4,43_to_10,183.66,196.315,12.655,72.63125869262865,0.013333966353201759,0.01202869671882717,0.012698114101350643,0.012836294230564156,1.01088194105917,1.0881941059170064
SVMD,IMF9,4,43_to_10,183.66,196.315,12.655,80.04607093184978,0.046288688245556264,0.046627411689291416,0.04645835866847304,0.03595857594015926,0.773995831337042,-22.600416866295802
SVMD,IMF10,4,43_to_10,183.66,196.315,12.655,90.29468011126563,0.017023150201008006,0.01776979560198572,0.017400478132833446,0.01931068968006072,1.1097792562161175,10.97792562161175
STVMD,IMF1,1,10_to_43,31.015,37.76,6.744999999999997,0.008692628650904,0.11904529591705555,0.13945448938304303,0.12965210582374778,0.05694691174424656,0.43922859086964294,-56.077140913035706
STVMD,IMF2,1,10_to_43,31.015,37.76,6.744999999999997,2.1905424200278163,0.027840837052783018,0.022930704629719537,0.025504209678159574,0.02179724867576015,0.8546529749724469,-14.534702502755314
STVMD,IMF3,1,10_to_43,31.015,37.76,6.744999999999997,17.793810848400554,0.05369665940146551,0.05807231221808982,0.055927295112638414,0.05014535425747364,0.8966168336315952,-10.338316636840483
STVMD,IMF4,1,10_to_43,31.015,37.76,6.744999999999997,20.07127955493741,0.025284038930563763,0.029248649393429426,0.027338307518773208,0.031994459359550205,1.1703160240471953,17.031602404719525
STVMD,IMF5,1,10_to_43,31.015,37.76,6.744999999999997,39.90785813630041,0.02350204664240452,0.02665782078437765,0.02512952054212092,0.027127205590991386,1.0794955496871514,7.9495549687151446
STVMD,IMF6,1,10_to_43,31.015,37.76,6.744999999999997,59.97479137691238,0.013427328768664431,0.018460223098106392,0.01614114300001187,0.017024661642066178,1.0547370556133266,5.473705561332665
STVMD,IMF7,1,10_to_43,31.015,37.76,6.744999999999997,59.94871349095966,0.013600430100266696,0.011410536209585738,0.012553326959465918,0.013310279161441745,1.060298931464144,6.0298931464144
STVMD,IMF8,1,10_to_43,31.015,37.76,6.744999999999997,80.04607093184978,0.03850975418045596,0.04487739792059162,0.041814961504001574,0.048722615558335666,1.1651957530481776,16.519575304817756
STVMD,IMF9,1,10_to_43,31.015,37.76,6.744999999999997,90.49461057023645,0.025499376555871197,0.013875782327063955,0.02052748815522949,0.019151859943137603,0.932986042827581,-6.701395717241898
STVMD,IMF10,1,10_to_43,31.015,37.76,6.744999999999997,97.83988178025034,0.008441314001371094,0.008446868819663056,0.00844409186728625,0.007951378795991525,0.941649963188632,-5.835003681136797
STVMD,IMF1,2,43_to_10,87.79,94.25,6.459999999999994,0.008692628650904,0.1399095251920894,0.10769933340887312,0.12484755034879842,0.06563797093181781,0.525744964546271,-47.425503545372905
STVMD,IMF2,2,43_to_10,87.79,94.25,6.459999999999994,2.1905424200278163,0.025002292390711833,0.033053480708318,0.02930569237985853,0.027376221668297347,0.9341605485189871,-6.583945148101289
STVMD,IMF3,2,43_to_10,87.79,94.25,6.459999999999994,17.793810848400554,0.051796796773833434,0.04709963753726669,0.049503959499072915,0.0385934026213882,0.779602339124226,-22.039766087577394
STVMD,IMF4,2,43_to_10,87.79,94.25,6.459999999999994,20.07127955493741,0.03121247783923375,0.028606807709307982,0.02993800444403385,0.029888226181370797,0.9983372885538812,-0.16627114461188475
STVMD,IMF5,2,43_to_10,87.79,94.25,6.459999999999994,39.90785813630041,0.034625120132908686,0.023216244343343254,0.02947789803927831,0.029830099569797784,1.0119479865915195,1.1947986591519522
STVMD,IMF6,2,43_to_10,87.79,94.25,6.459999999999994,59.97479137691238,0.022671952778706896,0.01864156765372221,0.02075482458837243,0.019028161975268878,0.9168066872475094,-8.319331275249064
STVMD,IMF7,2,43_to_10,87.79,94.25,6.459999999999994,59.94871349095966,0.014577125170521147,0.014496209215994154,0.014536723493808966,0.014769932688906617,1.016042761988076,1.6042761988076082
STVMD,IMF8,2,43_to_10,87.79,94.25,6.459999999999994,80.04607093184978,0.0399032232984784,0.03499501586073706,0.03752944420519353,0.037456285342682014,0.9980506276055804,-0.19493723944196129
STVMD,IMF9,2,43_to_10,87.79,94.25,6.459999999999994,90.49461057023645,0.015395522172472103,0.020058774892826932,0.01787982876266135,0.01662864474205887,0.930022594891102,-6.997740510889805
STVMD,IMF10,2,43_to_10,87.79,94.25,6.459999999999994,97.83988178025034,0.012404433559889646,0.008332216425627157,0.01056635704737464,0.006957661838112333,0.6584730959702958,-34.15269040297042
STVMD,IMF1,3,10_to_43,131.24,137.695,6.454999999999984,0.008692628650904,0.12099616129148748,0.13194028925412368,0.1265865533454037,0.06208714201246316,0.49047185796308373,-50.952814203691624
STVMD,IMF2,3,10_to_43,131.24,137.695,6.454999999999984,2.1905424200278163,0.028130912926612853,0.02002686965751533,0.02441745042345517,0.02494982317330087,1.0218029622508953,2.1802962250895286
STVMD,IMF3,3,10_to_43,131.24,137.695,6.454999999999984,17.793810848400554,0.04978141859855543,0.05302803176017253,0.051430349940684184,0.05355414591305359,1.041294604738619,4.12946047386189
STVMD,IMF4,3,10_to_43,131.24,137.695,6.454999999999984,20.07127955493741,0.028229883704850613,0.030636152937399713,0.02945759834739702,0.028864118300440677,0.9798530742405623,-2.014692575943766
STVMD,IMF5,3,10_to_43,131.24,137.695,6.454999999999984,39.90785813630041,0.023754250057817054,0.027467658543046298,0.025678168369713268,0.026688101361395936,1.0393304139587252,3.9330413958725163
STVMD,IMF6,3,10_to_43,131.24,137.695,6.454999999999984,59.97479137691238,0.012985107861033842,0.019732138810221997,0.016702848981364708,0.01979649897958171,1.185216905311697,18.5216905311697
STVMD,IMF7,3,10_to_43,131.24,137.695,6.454999999999984,59.94871349095966,0.011299108261151738,0.013723844676868246,0.01257007876292015,0.01328259800533814,1.0566837532092332,5.6683753209233245
STVMD,IMF8,3,10_to_43,131.24,137.695,6.454999999999984,80.04607093184978,0.041476013874484866,0.04306142877738741,0.042276153888844176,0.046032165400268096,1.0888446834898824,8.88446834898824
STVMD,IMF9,3,10_to_43,131.24,137.695,6.454999999999984,90.49461057023645,0.025347520167116125,0.014264117288787095,0.02056649971009449,0.018091564050972925,0.8796617949574175,-12.033820504258252
STVMD,IMF10,3,10_to_43,131.24,137.695,6.454999999999984,97.83988178025034,0.007927427905013237,0.010477988097556143,0.009290649809397368,0.010397229204965193,1.1191067813629714,11.910678136297136
STVMD,IMF1,4,43_to_10,183.66,196.315,12.655,0.008692628650904,0.13144024639551022,0.11909469780392552,0.1254194670247023,0.05957133209052524,0.4749767600175834,-52.502323998241664
STVMD,IMF2,4,43_to_10,183.66,196.315,12.655,2.1905424200278163,0.028265609976002977,0.024016682197090983,0.026227330507236014,0.024135933284989915,0.9202588604406732,-7.974113955932682
STVMD,IMF3,4,43_to_10,183.66,196.315,12.655,17.793810848400554,0.09235762634019402,0.05219678344720129,0.07501478302784369,0.04045458271944163,0.5392881387716053,-46.07118612283947
STVMD,IMF4,4,43_to_10,183.66,196.315,12.655,20.07127955493741,0.03240936195096802,0.02826968564649479,0.03041004660157961,0.02941078163669535,0.9671403014281355,-3.285969857186455
STVMD,IMF5,4,43_to_10,183.66,196.315,12.655,39.90785813630041,0.028720879707037718,0.02403225794434506,0.02648054335780959,0.02960712106748617,1.118070753588011,11.8070753588011
STVMD,IMF6,4,43_to_10,183.66,196.315,12.655,59.97479137691238,0.023682185991164718,0.01986341026948103,0.021856360640027,0.019851286844045413,0.9082613144518872,-9.173868554811282
STVMD,IMF7,4,43_to_10,183.66,196.315,12.655,59.94871349095966,0.01428570379043317,0.014104711997321873,0.014195496351226897,0.0166323349606177,1.1716627970659292,17.166279706592924
STVMD,IMF8,4,43_to_10,183.66,196.315,12.655,80.04607093184978,0.043892902645378415,0.0457581959120711,0.04483525061692054,0.03504357855285261,0.7816077321005848,-21.839226789941524
STVMD,IMF9,4,43_to_10,183.66,196.315,12.655,90.49461057023645,0.0147502825937235,0.018356634956205875,0.016651379575129834,0.01948409719011514,1.1701190944692774,17.011909446927742
STVMD,IMF10,4,43_to_10,183.66,196.315,12.655,97.83988178025034,0.010408734930261274,0.0067005158013347145,0.008753247250374496,0.007755974029118168,0.8860681992944206,-11.39318007055794
