consensus_cluster_id,angle_state_label,consensus_level,method_count,supporting_methods,member_event_count,cluster_start_time_s,cluster_end_time_s,representative_time_s,representative_frequency_hz,frequency_low_hz,frequency_high_hz,maximum_anomaly_score,interpretation
C001,stable_10deg,single_method_only,1,STVMD,1,0.0,30.995,19.5,60.0,60.0,60.0,18.21125050586807,single_method_candidate_requires_review
C002,stable_10deg,single_method_only,1,STVMD,1,0.0,2.995,1.0,91.5,91.5,91.5,4.046944556859572,single_method_candidate_requires_review
C003,stable_10deg,single_method_only,1,SVMD,1,3.5,6.495,5.0,35.0,35.0,35.0,6.070416835289357,single_method_candidate_requires_review
C004,stable_10deg,single_method_only,1,SVMD,1,5.0,7.995,7.0,67.0,67.0,67.0,7.4193983542425475,single_method_candidate_requires_review
C005,stable_10deg,single_method_only,1,SVMD,1,10.0,12.495,11.0,66.25,66.25,66.25,8.093889113719143,single_method_candidate_requires_review
C006,stable_10deg,single_method_only,1,SVMD,1,13.5,16.495,14.5,35.5,35.5,35.5,5.395926075812762,single_method_candidate_requires_review
C007,stable_10deg,single_method_only,1,SVMD,1,15.5,18.995,17.0,66.5,66.5,66.5,8.093889113719143,single_method_candidate_requires_review
C008,stable_10deg,two_method_consensus,2,"AVMD,STVMD",2,18.0,20.495,19.0,48.5,48.5,48.5,6.7449075947659525,cross_method_anomaly_candidate
C009,stable_10deg,single_method_only,1,SVMD,1,19.0,21.995,20.5,35.5,35.5,35.5,5.395926075812762,single_method_candidate_requires_review
C011,stable_10deg,two_method_consensus,2,"IOVMD,VMD",3,19.5,23.495,21.0,17.5,17.0,17.5,6.508335755267509,cross_method_anomaly_candidate
C010,stable_10deg,single_method_only,1,SVMD,1,19.5,21.995,21.0,68.75,68.75,68.75,4.721435316336167,single_method_candidate_requires_review
C012,stable_10deg,single_method_only,1,SVMD,1,21.0,23.995,22.0,66.5,66.5,66.5,7.4193983542425475,single_method_candidate_requires_review
C013,stable_10deg,single_method_only,1,SVMD,1,24.5,26.995,25.5,67.75,67.75,67.75,6.070416835289357,single_method_candidate_requires_review
C014,stable_10deg,single_method_only,1,SVMD,1,26.0,28.495,27.5,67.25,67.25,67.25,6.7449075947659525,single_method_candidate_requires_review
C015,stable_43deg,single_method_only,1,STVMD,1,39.0,41.495,40.0,54.5,54.5,54.5,6.7449075947659525,single_method_candidate_requires_review
C016,stable_43deg,single_method_only,1,STVMD,1,41.5,45.495,42.5,54.0,54.0,54.0,7.4193983542425475,single_method_candidate_requires_review
C017,stable_43deg,single_method_only,1,VMD,1,44.5,46.995,45.5,20.0,20.0,20.0,4.060318187993844,single_method_candidate_requires_review
C018,stable_43deg,single_method_only,1,STVMD,1,45.0,50.995,47.0,55.5,55.5,55.5,7.4193983542425475,single_method_candidate_requires_review
C019,stable_43deg,single_method_only,1,AVMD,1,48.0,50.495,49.0,49.75,49.75,49.75,7.4193983542425475,single_method_candidate_requires_review
C020,stable_43deg,single_method_only,1,STVMD,1,50.5,52.995,51.5,55.25,55.25,55.25,6.070416835289357,single_method_candidate_requires_review
C021,stable_43deg,single_method_only,1,AVMD,1,51.5,53.995,52.5,49.0,49.0,49.0,6.7449075947659525,single_method_candidate_requires_review
C022,stable_43deg,single_method_only,1,IOVMD,1,56.0,61.995,58.0,16.5,16.5,16.5,6.258828315523213,single_method_candidate_requires_review
C023,stable_43deg,single_method_only,1,STVMD,1,60.0,62.495,61.0,92.0,92.0,92.0,3.7096991771212737,single_method_candidate_requires_review
C024,stable_43deg,single_method_only,1,STVMD,1,63.0,65.495,64.0,92.0,92.0,92.0,3.7096991771212737,single_method_candidate_requires_review
C025,stable_43deg,single_method_only,1,AVMD,1,65.5,67.995,66.5,86.5,86.5,86.5,7.4193983542425475,single_method_candidate_requires_review
C026,stable_43deg,four_method_consensus,4,"AVMD,IOVMD,STVMD,SVMD",4,69.5,85.495,81.5,16.0,16.0,16.0,7.686862824319449,cross_method_anomaly_candidate
C027,stable_43deg,two_method_consensus,2,"AVMD,SVMD",2,74.5,77.495,75.75,96.0,96.0,96.0,8.093889113719143,cross_method_anomaly_candidate
C028,stable_43deg,single_method_only,1,STVMD,1,78.5,80.995,80.0,55.5,55.5,55.5,6.7449075947659525,single_method_candidate_requires_review
C030,stable_43deg,two_method_consensus,2,"IOVMD,VMD",2,79.0,82.495,80.5,36.0,36.0,36.0,4.633693026335258,cross_method_anomaly_candidate
C029,stable_43deg,two_method_consensus,2,"AVMD,SVMD",2,79.0,81.495,80.0,89.0,89.0,89.0,4.046944556859572,cross_method_anomaly_candidate
C031,stable_43deg,single_method_only,1,STVMD,1,80.0,85.995,82.0,54.5,54.5,54.5,7.4193983542425475,single_method_candidate_requires_review
C032,stable_43deg,single_method_only,1,VMD,1,81.5,85.495,82.5,20.0,20.0,20.0,4.060318187993844,single_method_candidate_requires_review
C033,stable_43deg,single_method_only,1,VMD,1,84.0,86.995,85.5,58.0,58.0,58.0,5.297257343617747,single_method_candidate_requires_review
C035,stable_10deg,two_method_consensus,2,"IOVMD,STVMD",2,94.5,97.495,95.75,3.5,3.5,3.5,6.796869772603942,cross_method_anomaly_candidate
C036,stable_10deg,two_method_consensus,2,"STVMD,SVMD",3,94.5,105.495,100.0,35.0,34.75,35.5,6.7449075947659525,cross_method_anomaly_candidate
C034,stable_10deg,single_method_only,1,AVMD,1,94.5,96.995,95.5,62.5,62.5,62.5,5.564643920234044,single_method_candidate_requires_review
C037,stable_10deg,five_method_consensus,5,"AVMD,IOVMD,STVMD,SVMD,VMD",5,95.5,98.995,97.0,80.0,80.0,80.0,4.985621711050707,cross_method_anomaly_candidate
C038,stable_10deg,single_method_only,1,STVMD,1,97.0,99.995,98.0,92.0,92.0,92.0,3.7096991771212737,single_method_candidate_requires_review
C039,stable_10deg,two_method_consensus,2,"IOVMD,VMD",4,108.0,113.995,111.75,17.5,16.75,17.5,4.122332191642026,cross_method_anomaly_candidate
C040,stable_10deg,two_method_consensus,2,"STVMD,SVMD",2,109.0,111.995,110.0,36.5,36.5,36.5,4.046944556859572,cross_method_anomaly_candidate
C041,stable_10deg,single_method_only,1,SVMD,1,109.0,112.495,110.5,67.0,67.0,67.0,9.442870632672332,single_method_candidate_requires_review
C042,stable_10deg,single_method_only,1,IOVMD,1,113.0,115.495,114.0,4.0,4.0,4.0,4.404068165650933,single_method_candidate_requires_review
C043,stable_10deg,single_method_only,1,SVMD,1,113.0,117.995,114.0,68.0,68.0,68.0,9.442870632672332,single_method_candidate_requires_review
C044,stable_10deg,single_method_only,1,SVMD,1,115.0,117.495,116.0,36.0,36.0,36.0,4.721435316336167,single_method_candidate_requires_review
C045,stable_10deg,single_method_only,1,VMD,1,116.0,120.495,118.0,16.5,16.5,16.5,4.108557946632005,single_method_candidate_requires_review
C046,stable_10deg,single_method_only,1,SVMD,1,117.0,119.995,118.5,36.0,36.0,36.0,5.395926075812762,single_method_candidate_requires_review
C047,stable_10deg,single_method_only,1,VMD,1,117.5,120.995,119.0,17.5,17.5,17.5,4.701519488280139,single_method_candidate_requires_review
C048,stable_10deg,single_method_only,1,VMD,1,119.5,121.995,120.5,60.25,60.25,60.25,6.306459273746924,single_method_candidate_requires_review
C049,stable_43deg,single_method_only,1,VMD,1,139.0,141.495,140.0,58.0,58.0,58.0,4.237805874894198,single_method_candidate_requires_review
C050,stable_43deg,single_method_only,1,STVMD,1,141.0,145.495,142.5,54.0,54.0,54.0,7.4193983542425475,single_method_candidate_requires_review
C051,stable_43deg,single_method_only,1,AVMD,1,152.5,154.995,153.5,97.5,97.5,97.5,7.4193983542425475,single_method_candidate_requires_review
C052,stable_43deg,single_method_only,1,AVMD,1,156.0,158.495,157.0,49.5,49.5,49.5,6.070416835289357,single_method_candidate_requires_review
C053,stable_43deg,two_method_consensus,2,"IOVMD,VMD",2,167.0,169.495,168.0,32.5,32.5,32.5,4.046944556859572,cross_method_anomaly_candidate
C054,stable_43deg,single_method_only,1,SVMD,1,174.5,176.995,175.5,95.0,95.0,95.0,4.046944556859572,single_method_candidate_requires_review
C055,stable_43deg,single_method_only,1,STVMD,1,180.5,183.495,181.5,54.5,54.5,54.5,7.4193983542425475,single_method_candidate_requires_review
C056,stable_10deg,two_method_consensus,2,"STVMD,SVMD",7,196.5,229.995,211.5,35.0,35.0,36.0,6.7449075947659525,cross_method_anomaly_candidate
C057,stable_10deg,single_method_only,1,STVMD,1,198.5,200.995,199.5,18.0,18.0,18.0,8.0,single_method_candidate_requires_review
C058,stable_10deg,single_method_only,1,SVMD,1,199.5,202.495,200.5,66.0,66.0,66.0,8.093889113719143,single_method_candidate_requires_review
C059,stable_10deg,single_method_only,1,STVMD,1,201.5,205.995,202.5,60.0,60.0,60.0,4.046944556859572,single_method_candidate_requires_review
C060,stable_10deg,single_method_only,1,AVMD,1,202.5,204.995,204.0,50.25,50.25,50.25,4.721435316336167,single_method_candidate_requires_review
C061,stable_10deg,single_method_only,1,STVMD,1,205.0,209.995,206.0,60.0,60.0,60.0,4.046944556859572,single_method_candidate_requires_review
C062,stable_10deg,three_method_consensus,3,"IOVMD,STVMD,SVMD",3,205.5,208.495,206.5,69.0,69.0,69.0,4.721435316336167,cross_method_anomaly_candidate
C063,stable_10deg,single_method_only,1,STVMD,1,209.0,212.495,210.0,60.0,60.0,60.0,4.046944556859572,single_method_candidate_requires_review
C064,stable_10deg,single_method_only,1,SVMD,1,212.0,214.495,213.5,68.0,68.0,68.0,6.070416835289357,single_method_candidate_requires_review
C065,stable_10deg,three_method_consensus,3,"AVMD,STVMD,VMD",3,217.5,226.495,222.0,60.0,60.0,60.0,4.046944556859572,cross_method_anomaly_candidate
C066,stable_10deg,single_method_only,1,VMD,1,219.5,221.995,220.5,39.0,39.0,39.0,4.0,single_method_candidate_requires_review
C067,stable_10deg,single_method_only,1,SVMD,1,222.5,224.995,223.5,68.5,68.5,68.5,4.721435316336167,single_method_candidate_requires_review
C068,stable_10deg,two_method_consensus,2,"IOVMD,VMD",2,223.0,225.995,224.0,38.5,38.5,38.5,6.0,cross_method_anomaly_candidate
C069,stable_10deg,single_method_only,1,STVMD,1,226.0,228.495,227.0,59.75,59.75,59.75,4.046944556859572,single_method_candidate_requires_review
C070,stable_10deg,single_method_only,1,SVMD,1,226.0,228.995,227.0,68.5,68.5,68.5,4.721435316336167,single_method_candidate_requires_review
