segment_id,angle_state_label,cycle_index_within_state,target_frequency_hz,window_start_time_s,window_end_time_s,center_time_s,band_power_nm2,band_rms_nm,local_peak_frequency_hz
10deg_1,stable_10deg,1,38.5,5.0,6.995,5.9975000000000005,0.00028009041892444395,0.01673590209473167,39.84375
10deg_1,stable_10deg,1,60.0,5.0,6.995,5.9975000000000005,0.00011964726199827532,0.010938339087735182,60.15625
10deg_1,stable_10deg,1,38.5,5.5,7.495,6.4975000000000005,0.00017868771706436854,0.013367412504459063,39.84375
10deg_1,stable_10deg,1,60.0,5.5,7.495,6.4975000000000005,8.863402765916405e-05,0.009414564655849151,60.15625
10deg_1,stable_10deg,1,38.5,6.0,7.995,6.9975000000000005,0.0001697327329705128,0.013028151556169156,39.84375
10deg_1,stable_10deg,1,60.0,6.0,7.995,6.9975000000000005,6.014123533951512e-05,0.007755078035681854,60.15625
10deg_1,stable_10deg,1,38.5,6.5,8.495,7.4975,0.0002448652961307553,0.01564817229361804,39.84375
10deg_1,stable_10deg,1,60.0,6.5,8.495,7.4975,7.31898573832222e-05,0.00855510709361503,60.15625
10deg_1,stable_10deg,1,38.5,7.0,8.995,7.9975,0.0003298656862744749,0.018162204884718015,39.84375
10deg_1,stable_10deg,1,60.0,7.0,8.995,7.9975,6.198631369865806e-05,0.00787313874504051,64.0625
10deg_1,stable_10deg,1,38.5,7.5,9.495,8.497499999999999,0.0003707028630045596,0.019253645447149994,39.84375
10deg_1,stable_10deg,1,60.0,7.5,9.495,8.497499999999999,6.340197054208989e-05,0.00796253543427531,60.15625
10deg_1,stable_10deg,1,38.5,8.0,9.995,8.997499999999999,0.00040666652897415276,0.02016597453569137,39.84375
10deg_1,stable_10deg,1,60.0,8.0,9.995,8.997499999999999,9.307079947400561e-05,0.009647320844359101,60.15625
10deg_1,stable_10deg,1,38.5,8.5,10.495,9.497499999999999,0.00036799442910018275,0.01918318089108745,39.84375
10deg_1,stable_10deg,1,60.0,8.5,10.495,9.497499999999999,0.00012232178750035724,0.01105991806029128,60.15625
10deg_1,stable_10deg,1,38.5,9.0,10.995,9.997499999999999,0.00029952593756964944,0.017306817661535856,39.84375
10deg_1,stable_10deg,1,60.0,9.0,10.995,9.997499999999999,0.0001540276226379869,0.012410786543889428,60.15625
10deg_1,stable_10deg,1,38.5,9.5,11.495,10.497499999999999,0.00017919706687269502,0.01338645086916973,39.84375
10deg_1,stable_10deg,1,60.0,9.5,11.495,10.497499999999999,0.0001479208416895521,0.012162271238940205,60.15625
10deg_1,stable_10deg,1,38.5,10.0,11.995,10.997499999999999,0.00035423969902064313,0.018821256573901837,39.84375
10deg_1,stable_10deg,1,60.0,10.0,11.995,10.997499999999999,0.00015065843352376451,0.012274299716226768,60.15625
10deg_1,stable_10deg,1,38.5,10.5,12.495,11.497499999999999,0.0003765384680927172,0.019404599147952457,39.84375
10deg_1,stable_10deg,1,60.0,10.5,12.495,11.497499999999999,0.00010818264389145948,0.010401088591655177,60.15625
10deg_1,stable_10deg,1,38.5,11.0,12.995,11.997499999999999,0.00031315352484847803,0.017696144349786426,39.84375
10deg_1,stable_10deg,1,60.0,11.0,12.995,11.997499999999999,6.512676863550237e-05,0.008070115775842523,60.15625
10deg_1,stable_10deg,1,38.5,11.5,13.495,12.497499999999999,0.0003598113760864421,0.01896869463316973,39.84375
10deg_1,stable_10deg,1,60.0,11.5,13.495,12.497499999999999,5.704198482462877e-05,0.007552614436380873,55.46875
10deg_1,stable_10deg,1,38.5,12.0,13.995,12.997499999999999,0.00037458143364993624,0.01935410637694069,39.84375
10deg_1,stable_10deg,1,60.0,12.0,13.995,12.997499999999999,9.2998972295067e-05,0.009643597476827151,60.15625
10deg_1,stable_10deg,1,38.5,12.5,14.495,13.497499999999999,0.00020106682875162268,0.01417980355123521,39.84375
10deg_1,stable_10deg,1,60.0,12.5,14.495,13.497499999999999,0.00018043565566075253,0.013432633980748248,60.15625
10deg_1,stable_10deg,1,38.5,13.0,14.995,13.997499999999999,0.0003295527625595748,0.018153588145586392,39.84375
10deg_1,stable_10deg,1,60.0,13.0,14.995,13.997499999999999,0.0001614197544041316,0.01270510741411231,60.15625
10deg_1,stable_10deg,1,38.5,13.5,15.495,14.497499999999999,0.0002701713985791437,0.016436891390379862,35.9375
10deg_1,stable_10deg,1,60.0,13.5,15.495,14.497499999999999,0.00020260756403396606,0.01423402838391037,60.15625
10deg_1,stable_10deg,1,38.5,14.0,15.995,14.997499999999999,0.00021160232049039396,0.01454655699780515,35.9375
10deg_1,stable_10deg,1,60.0,14.0,15.995,14.997499999999999,0.00017338698818406955,0.013167649303655894,60.15625
10deg_1,stable_10deg,1,38.5,14.5,16.495,15.4975,0.00013593388614765566,0.011659068837075097,35.9375
10deg_1,stable_10deg,1,60.0,14.5,16.495,15.4975,0.00010895618159923915,0.010438207777163623,60.15625
10deg_1,stable_10deg,1,38.5,15.0,16.995,15.9975,0.00015518179581539064,0.01245719855406466,35.9375
10deg_1,stable_10deg,1,60.0,15.0,16.995,15.9975,7.046388492315802e-05,0.008394276914848474,59.375
10deg_1,stable_10deg,1,38.5,15.5,17.495,16.497500000000002,0.00019506065083213639,0.013966411523084102,39.84375
10deg_1,stable_10deg,1,60.0,15.5,17.495,16.497500000000002,9.875704360160078e-05,0.00993765785291488,60.15625
10deg_1,stable_10deg,1,38.5,16.0,17.995,16.997500000000002,0.0002212553508232286,0.014874654645511224,39.84375
10deg_1,stable_10deg,1,60.0,16.0,17.995,16.997500000000002,0.00012706549469123615,0.011272333152069103,59.375
10deg_1,stable_10deg,1,38.5,16.5,18.495,17.497500000000002,0.00020741477302950594,0.014401901715728584,39.84375
10deg_1,stable_10deg,1,60.0,16.5,18.495,17.497500000000002,0.00014560805685602114,0.012066816351300833,60.15625
10deg_1,stable_10deg,1,38.5,17.0,18.995,17.997500000000002,0.00026472309920226453,0.016270313432821894,39.84375
10deg_1,stable_10deg,1,60.0,17.0,18.995,17.997500000000002,0.00016275134701289578,0.012757403615661604,60.15625
10deg_1,stable_10deg,1,38.5,17.5,19.495,18.497500000000002,0.00038187533625681823,0.019541630849466435,39.84375
10deg_1,stable_10deg,1,60.0,17.5,19.495,18.497500000000002,0.00014071264015851027,0.01186223588361445,60.15625
10deg_1,stable_10deg,1,38.5,18.0,19.995,18.997500000000002,0.00042824349969498523,0.020694045029790217,39.84375
10deg_1,stable_10deg,1,60.0,18.0,19.995,18.997500000000002,0.00017512253224851463,0.013233387028592287,58.59375
10deg_1,stable_10deg,1,38.5,18.5,20.495,19.497500000000002,0.0002097174763625741,0.014481625473771034,39.84375
10deg_1,stable_10deg,1,60.0,18.5,20.495,19.497500000000002,0.00015816690663831263,0.012576442527134317,58.59375
10deg_1,stable_10deg,1,38.5,19.0,20.995,19.997500000000002,0.0003010618345657939,0.017351133523945746,35.9375
10deg_1,stable_10deg,1,60.0,19.0,20.995,19.997500000000002,0.00015733076966944657,0.01254315628816952,60.15625
10deg_1,stable_10deg,1,38.5,19.5,21.495,20.497500000000002,0.00021670022798344767,0.014720741420983105,39.84375
10deg_1,stable_10deg,1,60.0,19.5,21.495,20.497500000000002,0.00015069181455022344,0.01227565943443461,60.15625
10deg_1,stable_10deg,1,38.5,20.0,21.995,20.997500000000002,0.0002489597181359283,0.015778457406727956,39.84375
10deg_1,stable_10deg,1,60.0,20.0,21.995,20.997500000000002,0.00014139266638286624,0.011890864829055381,60.15625
10deg_1,stable_10deg,1,38.5,20.5,22.495,21.497500000000002,0.0001297254554483767,0.011389708312699528,39.84375
10deg_1,stable_10deg,1,60.0,20.5,22.495,21.497500000000002,0.00015779385502476904,0.012561602406730163,60.15625
10deg_1,stable_10deg,1,38.5,21.0,22.995,21.997500000000002,0.00019737129204002818,0.014048889352544143,39.84375
10deg_1,stable_10deg,1,60.0,21.0,22.995,21.997500000000002,0.00016581369822007622,0.0128768667858325,60.15625
10deg_1,stable_10deg,1,38.5,21.5,23.495,22.497500000000002,0.0002855351272311133,0.01689778468412689,39.84375
10deg_1,stable_10deg,1,60.0,21.5,23.495,22.497500000000002,0.00012090216841939455,0.010995552210752971,60.15625
10deg_1,stable_10deg,1,38.5,22.0,23.995,22.997500000000002,0.00022515165587808469,0.015005054344389583,39.84375
10deg_1,stable_10deg,1,60.0,22.0,23.995,22.997500000000002,9.47280861925245e-05,0.009732835465193301,60.15625
10deg_1,stable_10deg,1,38.5,22.5,24.495,23.497500000000002,0.0003054565090070651,0.017477314124517678,39.84375
10deg_1,stable_10deg,1,60.0,22.5,24.495,23.497500000000002,9.028153171778525e-05,0.009501659419163857,60.15625
10deg_1,stable_10deg,1,38.5,23.0,24.995,23.997500000000002,0.00027925917412607144,0.016711049462139457,35.9375
10deg_1,stable_10deg,1,60.0,23.0,24.995,23.997500000000002,5.60037862482121e-05,0.007483567748621783,60.15625
10deg_1,stable_10deg,1,38.5,23.5,25.495,24.497500000000002,0.00023857522138305296,0.01544588040168164,39.84375
10deg_1,stable_10deg,1,60.0,23.5,25.495,24.497500000000002,8.812449361824057e-05,0.009387464706630889,60.15625
10deg_1,stable_10deg,1,38.5,24.0,25.995,24.997500000000002,0.00021189435534581241,0.014556591474167721,39.84375
10deg_1,stable_10deg,1,60.0,24.0,25.995,24.997500000000002,8.623204180159606e-05,0.009286120923270172,55.46875
43deg_1,stable_43deg,1,38.5,42.765,44.76,43.7625,0.0006185515790063886,0.02487069719582442,39.84375
43deg_1,stable_43deg,1,60.0,42.765,44.76,43.7625,0.0001527918178369748,0.012360898747137071,60.15625
43deg_1,stable_43deg,1,38.5,43.265,45.26,44.2625,0.0005441509751243293,0.023327043857384273,39.0625
43deg_1,stable_43deg,1,60.0,43.265,45.26,44.2625,0.00014510133017137426,0.012045801350320129,55.46875
43deg_1,stable_43deg,1,38.5,43.765,45.76,44.7625,0.0007241571189551725,0.026910167575754197,37.5
43deg_1,stable_43deg,1,60.0,43.765,45.76,44.7625,0.00013959777145808444,0.011815150081911124,60.15625
43deg_1,stable_43deg,1,38.5,44.265,46.26,45.2625,0.0005399248461903285,0.02323628296845966,37.5
43deg_1,stable_43deg,1,60.0,44.265,46.26,45.2625,0.00022595867069521763,0.015031921723293321,60.15625
43deg_1,stable_43deg,1,38.5,44.765,46.76,45.7625,0.00034746792541594647,0.01864049155510515,37.5
43deg_1,stable_43deg,1,60.0,44.765,46.76,45.7625,0.000270104211111226,0.01643484746236563,60.15625
43deg_1,stable_43deg,1,38.5,45.265,47.26,46.2625,0.000427203572557901,0.020668903516101213,38.28125
43deg_1,stable_43deg,1,60.0,45.265,47.26,46.2625,0.000263140643291514,0.01622161037910583,60.15625
43deg_1,stable_43deg,1,38.5,45.765,47.76,46.7625,0.00036412384339377116,0.019082029331121235,35.9375
43deg_1,stable_43deg,1,60.0,45.765,47.76,46.7625,0.00024636511976263987,0.015696022418518644,60.15625
43deg_1,stable_43deg,1,38.5,46.265,48.26,47.2625,0.0002635120945793547,0.01623305561437386,35.9375
43deg_1,stable_43deg,1,60.0,46.265,48.26,47.2625,0.0003735115786817961,0.019326447647764866,60.15625
43deg_1,stable_43deg,1,38.5,46.765,48.76,47.7625,0.000386346986983028,0.019655711306972027,39.0625
43deg_1,stable_43deg,1,60.0,46.765,48.76,47.7625,0.0002598354135819346,0.016119411080493435,60.15625
43deg_1,stable_43deg,1,38.5,47.265,49.26,48.2625,0.0003081101422939408,0.017553066464123607,35.9375
43deg_1,stable_43deg,1,60.0,47.265,49.26,48.2625,0.00024068462756082922,0.01551401390874809,60.15625
43deg_1,stable_43deg,1,38.5,47.765,49.76,48.7625,0.00021707089916817994,0.014733326140698166,36.71875
43deg_1,stable_43deg,1,60.0,47.765,49.76,48.7625,0.00024068904951789942,0.015514156423018927,60.15625
43deg_1,stable_43deg,1,38.5,48.265,50.26,49.2625,0.00021185449710086346,0.01455522233086336,37.5
43deg_1,stable_43deg,1,60.0,48.265,50.26,49.2625,0.00021681594735823513,0.014724671383709557,60.15625
43deg_1,stable_43deg,1,38.5,48.765,50.76,49.7625,0.00019364811745972143,0.01391575069695205,37.5
43deg_1,stable_43deg,1,60.0,48.765,50.76,49.7625,0.00015480913621740856,0.012442231962851704,55.46875
43deg_1,stable_43deg,1,38.5,49.265,51.26,50.2625,0.00025544652537282987,0.01598269455920465,39.0625
43deg_1,stable_43deg,1,60.0,49.265,51.26,50.2625,0.00015567616006107487,0.01247702528894908,60.15625
43deg_1,stable_43deg,1,38.5,49.765,51.76,50.7625,0.00026028565559613247,0.016133370868982477,39.84375
43deg_1,stable_43deg,1,60.0,49.765,51.76,50.7625,0.000284634157407712,0.01687110421423897,60.15625
43deg_1,stable_43deg,1,38.5,50.265,52.26,51.2625,0.00019128044082181584,0.013830417232383695,39.84375
43deg_1,stable_43deg,1,60.0,50.265,52.26,51.2625,0.0002711796905227648,0.016467534439701798,60.15625
43deg_1,stable_43deg,1,38.5,50.765,52.76,51.7625,0.0002808131251880092,0.016757479678878,39.0625
43deg_1,stable_43deg,1,60.0,50.765,52.76,51.7625,0.0002625201118876047,0.016202472400458044,60.15625
43deg_1,stable_43deg,1,38.5,51.265,53.26,52.2625,0.0002567814193714929,0.016024400749216582,39.0625
43deg_1,stable_43deg,1,60.0,51.265,53.26,52.2625,0.0002934592085826523,0.01713065114298497,60.15625
43deg_1,stable_43deg,1,38.5,51.765,53.76,52.7625,0.00020879843754750458,0.014449859430025767,39.84375
43deg_1,stable_43deg,1,60.0,51.765,53.76,52.7625,0.00025012082338904336,0.015815208610354885,60.15625
43deg_1,stable_43deg,1,38.5,52.265,54.26,53.2625,0.00027563689004893365,0.016602315803794773,37.5
43deg_1,stable_43deg,1,60.0,52.265,54.26,53.2625,0.0003547308534476585,0.018834299919234018,60.15625
43deg_1,stable_43deg,1,38.5,52.765,54.76,53.7625,0.00038852469243161065,0.01971102971515214,37.5
43deg_1,stable_43deg,1,60.0,52.765,54.76,53.7625,0.0004839669719545292,0.02199924934979667,60.15625
43deg_1,stable_43deg,1,38.5,53.265,55.26,54.2625,0.00021699653712401931,0.01473080232451781,37.5
43deg_1,stable_43deg,1,60.0,53.265,55.26,54.2625,0.0005091416655270038,0.022564167733976005,60.15625
43deg_1,stable_43deg,1,38.5,53.765,55.76,54.7625,0.00043101714823315894,0.020760952488581993,38.28125
43deg_1,stable_43deg,1,60.0,53.765,55.76,54.7625,0.00030347387907146543,0.017420501688282845,60.15625
43deg_1,stable_43deg,1,38.5,54.265,56.26,55.2625,0.0003436692981330057,0.018538319722483095,35.9375
43deg_1,stable_43deg,1,60.0,54.265,56.26,55.2625,0.00016454129524143369,0.012827365093480175,56.25
43deg_1,stable_43deg,1,38.5,54.765,56.76,55.7625,0.00022399677944033873,0.014966521955362199,35.9375
43deg_1,stable_43deg,1,60.0,54.765,56.76,55.7625,0.000364900373728178,0.019102365657901587,60.15625
43deg_1,stable_43deg,1,38.5,55.265,57.26,56.2625,0.00028947946609704284,0.01701409609991206,42.1875
43deg_1,stable_43deg,1,60.0,55.265,57.26,56.2625,0.00048589084342589943,0.022042931824643914,60.15625
43deg_1,stable_43deg,1,38.5,55.765,57.76,56.7625,0.00017846334753819333,0.013359017461557317,33.59375
43deg_1,stable_43deg,1,60.0,55.765,57.76,56.7625,0.0002765808363339934,0.016630719657729588,60.15625
43deg_1,stable_43deg,1,38.5,56.265,58.26,57.2625,0.00023788277337069905,0.015423448815705877,35.15625
43deg_1,stable_43deg,1,60.0,56.265,58.26,57.2625,0.0001707701516926568,0.013067905405712761,59.375
43deg_1,stable_43deg,1,38.5,56.765,58.76,57.7625,0.0003196456014326164,0.017878635334740076,38.28125
43deg_1,stable_43deg,1,60.0,56.765,58.76,57.7625,0.00025705506182591007,0.01603293678107383,60.15625
43deg_1,stable_43deg,1,38.5,57.265,59.26,58.2625,0.0003375450199915664,0.01837239831898836,38.28125
43deg_1,stable_43deg,1,60.0,57.265,59.26,58.2625,0.00033237123092666823,0.01823105128418732,60.15625
43deg_1,stable_43deg,1,38.5,57.765,59.76,58.7625,0.00027782369163407695,0.016668044025442127,38.28125
43deg_1,stable_43deg,1,60.0,57.765,59.76,58.7625,0.0003391886202984927,0.01841707415140887,60.15625
43deg_1,stable_43deg,1,38.5,58.265,60.26,59.2625,0.00016642543438146452,0.012900598217968984,35.9375
43deg_1,stable_43deg,1,60.0,58.265,60.26,59.2625,0.0002555510761176642,0.015985964972990034,56.25
43deg_1,stable_43deg,1,38.5,58.765,60.76,59.7625,0.0001492867438925955,0.01221829545773859,35.15625
43deg_1,stable_43deg,1,60.0,58.765,60.76,59.7625,0.00024234807112686853,0.015567532595978996,57.8125
43deg_1,stable_43deg,1,38.5,59.265,61.26,60.2625,0.00022301306960127948,0.014933622119274329,33.59375
43deg_1,stable_43deg,1,60.0,59.265,61.26,60.2625,0.00045936523959118,0.02143280755270247,60.15625
43deg_1,stable_43deg,1,38.5,59.765,61.76,60.7625,0.00023417491141853496,0.015302774631371101,39.84375
43deg_1,stable_43deg,1,60.0,59.765,61.76,60.7625,0.0005772707915273896,0.024026460237150823,60.15625
43deg_1,stable_43deg,1,38.5,60.265,62.26,61.2625,0.00030020350407050894,0.017326381736257255,35.9375
43deg_1,stable_43deg,1,60.0,60.265,62.26,61.2625,0.00035671547664016496,0.01888691284038143,60.15625
43deg_1,stable_43deg,1,38.5,60.765,62.76,61.7625,0.00018021996771960214,0.013424603074936783,35.9375
43deg_1,stable_43deg,1,60.0,60.765,62.76,61.7625,0.0004897367489611942,0.022129996587464586,60.15625
43deg_1,stable_43deg,1,38.5,61.265,63.26,62.2625,0.00023798236729047635,0.015426677130557842,37.5
43deg_1,stable_43deg,1,60.0,61.265,63.26,62.2625,0.00045024557345149,0.021218990867887425,60.15625
43deg_1,stable_43deg,1,38.5,61.765,63.76,62.7625,0.0003868886671035081,0.01966948568477346,39.84375
43deg_1,stable_43deg,1,60.0,61.765,63.76,62.7625,0.0005368989926891636,0.023171080956424187,60.15625
43deg_1,stable_43deg,1,38.5,62.265,64.26,63.2625,0.0003084004009939112,0.017561332551771554,39.84375
43deg_1,stable_43deg,1,60.0,62.265,64.26,63.2625,0.00038389793772321436,0.01959331359732739,60.15625
43deg_1,stable_43deg,1,38.5,62.765,64.76,63.7625,0.00022169361029935044,0.014889379110606005,39.84375
43deg_1,stable_43deg,1,60.0,62.765,64.76,63.7625,0.00040267797531052044,0.02006683770080678,59.375
43deg_1,stable_43deg,1,38.5,63.265,65.26,64.2625,0.0003504135365247633,0.018719335899672385,39.84375
43deg_1,stable_43deg,1,60.0,63.265,65.26,64.2625,0.00041315169372455014,0.020326133270362815,60.15625
43deg_1,stable_43deg,1,38.5,63.765,65.76,64.7625,0.00040704583702171537,0.02017537699825496,39.0625
43deg_1,stable_43deg,1,60.0,63.765,65.76,64.7625,0.0003676115322078899,0.01917319827801011,60.15625
43deg_1,stable_43deg,1,38.5,64.265,66.26,65.2625,0.0004623911169868752,0.02150328153996211,39.0625
43deg_1,stable_43deg,1,60.0,64.265,66.26,65.2625,0.00021138365662095535,0.014539039054248233,55.46875
43deg_1,stable_43deg,1,38.5,64.765,66.76,65.7625,0.0005147225468044275,0.022687497587976235,39.84375
43deg_1,stable_43deg,1,60.0,64.765,66.76,65.7625,0.0002428668718832479,0.015584186596779695,60.15625
43deg_1,stable_43deg,1,38.5,65.265,67.26,66.2625,0.0006767972471529518,0.02601532715829174,39.84375
43deg_1,stable_43deg,1,60.0,65.265,67.26,66.2625,0.0001471275114453784,0.012129612996521297,57.8125
43deg_1,stable_43deg,1,38.5,65.765,67.76,66.7625,0.0003723784378637782,0.019297109572777426,39.84375
43deg_1,stable_43deg,1,60.0,65.765,67.76,66.7625,7.737183762228524e-05,0.008796126285035092,57.8125
43deg_1,stable_43deg,1,38.5,66.265,68.26,67.2625,0.00024487886362819855,0.015648605804613986,38.28125
43deg_1,stable_43deg,1,60.0,66.265,68.26,67.2625,0.0003214431143141706,0.017928834717130127,57.8125
43deg_1,stable_43deg,1,38.5,66.765,68.76,67.7625,0.0002513117063751859,0.015852813831468086,38.28125
43deg_1,stable_43deg,1,60.0,66.765,68.76,67.7625,0.0006463668240651472,0.025423745280055556,60.15625
43deg_1,stable_43deg,1,38.5,67.265,69.26,68.2625,0.00018358079018834203,0.013549198876256191,39.84375
43deg_1,stable_43deg,1,60.0,67.265,69.26,68.2625,0.0009713897061965611,0.03116712540797693,60.15625
43deg_1,stable_43deg,1,38.5,67.765,69.76,68.7625,0.00016269401964215147,0.012755156590263855,40.625
43deg_1,stable_43deg,1,60.0,67.765,69.76,68.7625,0.0006263264584798926,0.025026515108578194,60.15625
43deg_1,stable_43deg,1,38.5,68.265,70.26,69.2625,0.0004212519462290362,0.020524423164343407,39.84375
43deg_1,stable_43deg,1,60.0,68.265,70.26,69.2625,0.00040079277070935557,0.020019809457368858,59.375
43deg_1,stable_43deg,1,38.5,68.765,70.76,69.7625,0.0003756860065114099,0.019382621249753863,39.84375
43deg_1,stable_43deg,1,60.0,68.765,70.76,69.7625,0.00012601538284205072,0.011225657345654673,57.8125
43deg_1,stable_43deg,1,38.5,69.265,71.26,70.2625,0.00033600356466001165,0.018330400013638865,37.5
43deg_1,stable_43deg,1,60.0,69.265,71.26,70.2625,0.00021429080805535127,0.014638675078549672,57.8125
43deg_1,stable_43deg,1,38.5,69.765,71.76,70.7625,0.00026771817776825586,0.01636209576332616,33.59375
43deg_1,stable_43deg,1,60.0,69.765,71.76,70.7625,0.00019331617220895466,0.013903818619679799,57.03125
43deg_1,stable_43deg,1,38.5,70.265,72.26,71.2625,0.00043577570002208924,0.020875241316499534,36.71875
43deg_1,stable_43deg,1,60.0,70.265,72.26,71.2625,0.00025258147256806946,0.015892811978000288,57.8125
43deg_1,stable_43deg,1,38.5,70.765,72.76,71.7625,0.00039351388340880397,0.019837184361920016,37.5
43deg_1,stable_43deg,1,60.0,70.765,72.76,71.7625,0.00038350799065219065,0.019583360045002253,60.15625
43deg_1,stable_43deg,1,38.5,71.265,73.26,72.2625,0.0003581707440642027,0.018925399442659134,36.71875
43deg_1,stable_43deg,1,60.0,71.265,73.26,72.2625,0.0005177644072650108,0.022754437089609815,60.15625
43deg_1,stable_43deg,1,38.5,71.765,73.76,72.7625,0.0002574998762055152,0.016046802678587258,38.28125
43deg_1,stable_43deg,1,60.0,71.765,73.76,72.7625,0.0005646896923081442,0.023763200380170685,60.15625
43deg_1,stable_43deg,1,38.5,72.265,74.26,73.2625,0.0003451226709274516,0.01857747751788309,42.1875
43deg_1,stable_43deg,1,60.0,72.265,74.26,73.2625,0.0006879583939215709,0.02622896097678234,60.15625
43deg_1,stable_43deg,1,38.5,72.765,74.76,73.7625,0.00026452929568258833,0.01626435660217115,42.1875
43deg_1,stable_43deg,1,60.0,72.765,74.76,73.7625,0.0006608990578708188,0.025707957092519405,60.15625
43deg_1,stable_43deg,1,38.5,73.265,75.26,74.2625,0.0003295884050154357,0.018154569810806195,38.28125
43deg_1,stable_43deg,1,60.0,73.265,75.26,74.2625,0.0007166429087838199,0.026770186939650234,60.15625
43deg_1,stable_43deg,1,38.5,73.765,75.76,74.7625,0.0003838399157084293,0.0195918328828221,38.28125
43deg_1,stable_43deg,1,60.0,73.765,75.76,74.7625,0.0004365379639293132,0.020893490946448205,60.15625
43deg_1,stable_43deg,1,38.5,74.265,76.26,75.2625,0.0004003463605882621,0.02000865714105427,38.28125
43deg_1,stable_43deg,1,60.0,74.265,76.26,75.2625,0.0005225664334892918,0.022859712016761975,60.15625
43deg_1,stable_43deg,1,38.5,74.765,76.76,75.7625,0.0005373452324014743,0.023180708194562874,38.28125
43deg_1,stable_43deg,1,60.0,74.765,76.76,75.7625,0.0004904018222022233,0.022145017999591315,60.15625
43deg_1,stable_43deg,1,38.5,75.265,77.26,76.2625,0.0005154391544920285,0.022703285103526944,35.9375
43deg_1,stable_43deg,1,60.0,75.265,77.26,76.2625,0.00043871405891478444,0.020945502116559163,60.15625
43deg_1,stable_43deg,1,38.5,75.765,77.76,76.7625,0.0002517548977398487,0.015866785992753814,35.9375
43deg_1,stable_43deg,1,60.0,75.765,77.76,76.7625,0.0004239561523864902,0.020590195540268436,60.15625
43deg_1,stable_43deg,1,38.5,76.265,78.26,77.2625,0.0003925321933558645,0.019812425226505323,35.9375
43deg_1,stable_43deg,1,60.0,76.265,78.26,77.2625,0.0002889058069246291,0.016997229389657278,60.15625
43deg_1,stable_43deg,1,38.5,76.765,78.76,77.7625,0.00024345133824882044,0.015602927233337354,35.9375
43deg_1,stable_43deg,1,60.0,76.765,78.76,77.7625,0.0004197222908595038,0.020487125002291166,60.15625
43deg_1,stable_43deg,1,38.5,77.265,79.26,78.2625,0.0002544980252785275,0.015952994241788202,35.9375
43deg_1,stable_43deg,1,60.0,77.265,79.26,78.2625,0.0003984207077673894,0.01996047864574869,60.15625
43deg_1,stable_43deg,1,38.5,77.765,79.76,78.7625,0.00012984893149648854,0.011395127533138387,36.71875
43deg_1,stable_43deg,1,60.0,77.765,79.76,78.7625,0.0003412543181219133,0.0184730700784118,60.15625
43deg_1,stable_43deg,1,38.5,78.265,80.26,79.2625,0.000333705951931497,0.01826762031386401,35.9375
43deg_1,stable_43deg,1,60.0,78.265,80.26,79.2625,0.00022507876399946837,0.015002625236919982,60.15625
43deg_1,stable_43deg,1,38.5,78.765,80.76,79.7625,0.00047630539845531914,0.021824422064634818,35.9375
43deg_1,stable_43deg,1,60.0,78.765,80.76,79.7625,0.00025528652303750645,0.015977688288282083,60.15625
43deg_1,stable_43deg,1,38.5,79.265,81.26,80.2625,0.0002711445916676531,0.01646646870666729,35.9375
43deg_1,stable_43deg,1,60.0,79.265,81.26,80.2625,0.0003527888823211681,0.018782675057647354,60.15625
43deg_1,stable_43deg,1,38.5,79.765,81.76,80.7625,0.00013914754191353038,0.011796081633895655,35.9375
43deg_1,stable_43deg,1,60.0,79.765,81.76,80.7625,0.0002865009599589273,0.016926339236790905,57.8125
43deg_1,stable_43deg,1,38.5,80.265,82.26,81.2625,0.00034837171389712456,0.01866471842533727,35.9375
43deg_1,stable_43deg,1,60.0,80.265,82.26,81.2625,0.00015249046346283248,0.012348702906088254,57.8125
43deg_1,stable_43deg,1,38.5,80.765,82.76,81.7625,0.0006309387023006053,0.02511849323308636,38.28125
43deg_1,stable_43deg,1,60.0,80.765,82.76,81.7625,5.139577202075351e-05,0.007169084461823108,56.25
10deg_2,stable_10deg,2,38.5,99.255,101.25,100.2525,0.0001297695078759683,0.011391642018425978,35.15625
10deg_2,stable_10deg,2,60.0,99.255,101.25,100.2525,0.00011601117297568533,0.01077084829415424,60.15625
10deg_2,stable_10deg,2,38.5,99.755,101.75,100.7525,0.00018179749247483756,0.013483230046054898,39.84375
10deg_2,stable_10deg,2,60.0,99.755,101.75,100.7525,8.744234999704681e-05,0.009351061436919704,60.15625
10deg_2,stable_10deg,2,38.5,100.255,102.25,101.2525,0.00019639130105624463,0.014013968069616993,39.84375
10deg_2,stable_10deg,2,60.0,100.255,102.25,101.2525,0.00010119483209600238,0.01005956421004421,55.46875
10deg_2,stable_10deg,2,38.5,100.755,102.75,101.7525,0.0002011180003364933,0.014181607819161172,39.84375
10deg_2,stable_10deg,2,60.0,100.755,102.75,101.7525,8.142743145370256e-05,0.009023714947498207,55.46875
10deg_2,stable_10deg,2,38.5,101.255,103.25,102.2525,0.00018839862286938947,0.01372583778388006,39.84375
10deg_2,stable_10deg,2,60.0,101.255,103.25,102.2525,0.0001379221859820399,0.01174402767290847,60.15625
10deg_2,stable_10deg,2,38.5,101.755,103.75,102.7525,0.0003146544309372497,0.017738501372360903,39.84375
10deg_2,stable_10deg,2,60.0,101.755,103.75,102.7525,0.000157399090716347,0.012545879431763522,60.15625
10deg_2,stable_10deg,2,38.5,102.255,104.25,103.2525,0.00027140669419336086,0.01647442545867263,35.15625
10deg_2,stable_10deg,2,60.0,102.255,104.25,103.2525,0.00013114935182252454,0.011452045748359747,60.15625
10deg_2,stable_10deg,2,38.5,102.755,104.75,103.7525,0.00012578997327136347,0.011215612924462198,35.15625
10deg_2,stable_10deg,2,60.0,102.755,104.75,103.7525,0.00011282638972119487,0.010621976733226018,60.15625
10deg_2,stable_10deg,2,38.5,103.255,105.25,104.2525,0.0002173853061434912,0.014743992205081066,35.15625
10deg_2,stable_10deg,2,60.0,103.255,105.25,104.2525,9.926325728360847e-05,0.00996309476435954,55.46875
10deg_2,stable_10deg,2,38.5,103.755,105.75,104.7525,0.00021369648522552315,0.01461836123597728,35.9375
10deg_2,stable_10deg,2,60.0,103.755,105.75,104.7525,8.923187066092815e-05,0.009446262258741716,60.15625
10deg_2,stable_10deg,2,38.5,104.255,106.25,105.2525,0.00018105015853871325,0.013455488045355814,35.9375
10deg_2,stable_10deg,2,60.0,104.255,106.25,105.2525,0.00011811388277198064,0.010868021106529957,60.15625
10deg_2,stable_10deg,2,38.5,104.755,106.75,105.7525,0.00021320843611678792,0.014601658676903386,39.84375
10deg_2,stable_10deg,2,60.0,104.755,106.75,105.7525,7.583980089855898e-05,0.008708604991533316,60.15625
10deg_2,stable_10deg,2,38.5,105.255,107.25,106.2525,0.00015750220100450634,0.012549988087823285,35.9375
10deg_2,stable_10deg,2,60.0,105.255,107.25,106.2525,7.765155404971516e-05,0.008812011918382497,60.15625
10deg_2,stable_10deg,2,38.5,105.755,107.75,106.7525,0.0002619448740720158,0.016184711121055444,39.84375
10deg_2,stable_10deg,2,60.0,105.755,107.75,106.7525,7.921697368081659e-05,0.008900391771198422,63.28125
10deg_2,stable_10deg,2,38.5,106.255,108.25,107.2525,0.0002456504350030967,0.015673239454659548,39.84375
10deg_2,stable_10deg,2,60.0,106.255,108.25,107.2525,6.028833694537409e-05,0.007764556455160468,57.8125
10deg_2,stable_10deg,2,38.5,106.755,108.75,107.7525,0.00011229808256554773,0.010597078963825255,39.84375
10deg_2,stable_10deg,2,60.0,106.755,108.75,107.7525,7.199526044421734e-05,0.008485002088639539,60.15625
10deg_2,stable_10deg,2,38.5,107.255,109.25,108.2525,0.00024474049886721405,0.01564418418669424,39.84375
10deg_2,stable_10deg,2,60.0,107.255,109.25,108.2525,6.039519431051292e-05,0.007771434507895754,60.15625
10deg_2,stable_10deg,2,38.5,107.755,109.75,108.7525,0.0002644466413959963,0.016261815439734775,39.84375
10deg_2,stable_10deg,2,60.0,107.755,109.75,108.7525,0.00010436627344741171,0.010215981276774724,60.15625
10deg_2,stable_10deg,2,38.5,108.255,110.25,109.2525,0.0002445570644417197,0.015638320384290624,39.84375
10deg_2,stable_10deg,2,60.0,108.255,110.25,109.2525,0.00011304682843104631,0.01063234820870001,60.15625
10deg_2,stable_10deg,2,38.5,108.755,110.75,109.7525,0.00014873855284919425,0.0121958416211918,36.71875
10deg_2,stable_10deg,2,60.0,108.755,110.75,109.7525,9.704277347613089e-05,0.009851029056709298,60.15625
10deg_2,stable_10deg,2,38.5,109.255,111.25,110.2525,0.00016890163762906926,0.012996216281251603,36.71875
10deg_2,stable_10deg,2,60.0,109.255,111.25,110.2525,7.336509256191211e-05,0.008565342524494401,64.84375
10deg_2,stable_10deg,2,38.5,109.755,111.75,110.7525,9.075652065684744e-05,0.009526621681207218,36.71875
10deg_2,stable_10deg,2,60.0,109.755,111.75,110.7525,8.574804034101722e-05,0.009260023776482284,60.15625
10deg_2,stable_10deg,2,38.5,110.255,112.25,111.2525,0.00012901954777092223,0.011358677201634098,36.71875
10deg_2,stable_10deg,2,60.0,110.255,112.25,111.2525,8.32089888684144e-05,0.0091218961224306,55.46875
10deg_2,stable_10deg,2,38.5,110.755,112.75,111.7525,0.00023160535285169672,0.01521858577042219,39.84375
10deg_2,stable_10deg,2,60.0,110.755,112.75,111.7525,0.00011320435313045364,0.010639753433724563,55.46875
10deg_2,stable_10deg,2,38.5,111.255,113.25,112.2525,0.0001297703096574996,0.011391677210029242,39.84375
10deg_2,stable_10deg,2,60.0,111.255,113.25,112.2525,0.00011816450971770256,0.01087035002737734,60.15625
10deg_2,stable_10deg,2,38.5,111.755,113.75,112.7525,0.0002290071598637669,0.015132982517130154,39.84375
10deg_2,stable_10deg,2,60.0,111.755,113.75,112.7525,0.00014333796120473752,0.011972383271710671,60.15625
10deg_2,stable_10deg,2,38.5,112.255,114.25,113.2525,0.00024617464017304326,0.01568995347899551,39.84375
10deg_2,stable_10deg,2,60.0,112.255,114.25,113.2525,0.00012194908334505836,0.01104305588798039,60.15625
10deg_2,stable_10deg,2,38.5,112.755,114.75,113.7525,0.00015351293468819424,0.012390033683900712,35.9375
10deg_2,stable_10deg,2,60.0,112.755,114.75,113.7525,0.00013558158316535562,0.011643950496517735,60.15625
10deg_2,stable_10deg,2,38.5,113.255,115.25,114.2525,0.0001380185609975788,0.011748130106428802,39.84375
10deg_2,stable_10deg,2,60.0,113.255,115.25,114.2525,0.00011238236275084123,0.01060105479425709,60.15625
10deg_2,stable_10deg,2,38.5,113.755,115.75,114.7525,0.00026267755064622513,0.016207330151700654,39.84375
10deg_2,stable_10deg,2,60.0,113.755,115.75,114.7525,0.0001362848666677966,0.01167411095834696,60.15625
10deg_2,stable_10deg,2,38.5,114.255,116.25,115.2525,0.00032174776908463424,0.01793732892837265,39.84375
10deg_2,stable_10deg,2,60.0,114.255,116.25,115.2525,5.74930462479045e-05,0.007582416913353189,60.15625
10deg_2,stable_10deg,2,38.5,114.755,116.75,115.7525,0.0002910904006312395,0.017061371592906577,39.84375
10deg_2,stable_10deg,2,60.0,114.755,116.75,115.7525,0.0001264046665444857,0.011242982991381144,60.15625
10deg_2,stable_10deg,2,38.5,115.255,117.25,116.2525,0.00022353916624387183,0.014951226245491432,35.9375
10deg_2,stable_10deg,2,60.0,115.255,117.25,116.2525,0.00015408654021739447,0.012413159961000843,59.375
10deg_2,stable_10deg,2,38.5,115.755,117.75,116.7525,0.0001829178231755742,0.01352471157457985,39.84375
10deg_2,stable_10deg,2,60.0,115.755,117.75,116.7525,0.00010496241793653562,0.010245116784914441,60.15625
10deg_2,stable_10deg,2,38.5,116.255,118.25,117.2525,0.00011406883585251198,0.010680301299706483,39.84375
10deg_2,stable_10deg,2,60.0,116.255,118.25,117.2525,5.743449616705377e-05,0.007578555018409101,55.46875
10deg_2,stable_10deg,2,38.5,116.755,118.75,117.7525,9.968217275682297e-05,0.009984095990965981,39.84375
10deg_2,stable_10deg,2,60.0,116.755,118.75,117.7525,8.708641607665994e-05,0.009332010291285579,55.46875
10deg_2,stable_10deg,2,38.5,117.255,119.25,118.2525,0.0001140351796116765,0.010678725561211718,36.71875
10deg_2,stable_10deg,2,60.0,117.255,119.25,118.2525,8.900849989373945e-05,0.009434431614768292,60.15625
10deg_2,stable_10deg,2,38.5,117.755,119.75,118.7525,8.502734555893316e-05,0.009221027359190144,35.9375
10deg_2,stable_10deg,2,60.0,117.755,119.75,118.7525,0.00010436697971050933,0.010216015843297685,60.15625
10deg_2,stable_10deg,2,38.5,118.255,120.25,119.2525,0.00020131565367596032,0.014188574758444214,39.84375
10deg_2,stable_10deg,2,60.0,118.255,120.25,119.2525,8.92869903809513e-05,0.00944917934960234,60.15625
10deg_2,stable_10deg,2,38.5,118.755,120.75,119.7525,0.00014351916171702518,0.011979948318629141,39.84375
10deg_2,stable_10deg,2,60.0,118.755,120.75,119.7525,7.416202528630399e-05,0.008611737646160848,61.71875
10deg_2,stable_10deg,2,38.5,119.255,121.25,120.2525,0.00018129841805999042,0.013464710099366804,39.84375
10deg_2,stable_10deg,2,60.0,119.255,121.25,120.2525,9.022226980837008e-05,0.009498540404102626,59.375
10deg_2,stable_10deg,2,38.5,119.755,121.75,120.7525,0.0002596459098976879,0.01611353188775471,39.84375
10deg_2,stable_10deg,2,60.0,119.755,121.75,120.7525,7.847928476052113e-05,0.008858853467606355,62.5
10deg_2,stable_10deg,2,38.5,120.255,122.25,121.2525,0.00031067916052607357,0.017626093172511983,39.84375
10deg_2,stable_10deg,2,60.0,120.255,122.25,121.2525,3.633740641254126e-05,0.00602805162656569,58.59375
10deg_2,stable_10deg,2,38.5,120.755,122.75,121.7525,0.00031384578895400444,0.017715693295888943,39.84375
10deg_2,stable_10deg,2,60.0,120.755,122.75,121.7525,8.175003468394714e-05,0.009041572578039019,60.15625
10deg_2,stable_10deg,2,38.5,121.255,123.25,122.2525,0.0002315896531781376,0.015218069955751208,39.84375
10deg_2,stable_10deg,2,60.0,121.255,123.25,122.2525,9.606427078617854e-05,0.009801238227192447,60.15625
10deg_2,stable_10deg,2,38.5,121.755,123.75,122.7525,0.000283087176296121,0.016825194688208544,39.84375
10deg_2,stable_10deg,2,60.0,121.755,123.75,122.7525,8.975222567952486e-05,0.009473765126892521,60.15625
10deg_2,stable_10deg,2,38.5,122.255,124.25,123.2525,0.0001928036528211343,0.013885375501625236,39.84375
10deg_2,stable_10deg,2,60.0,122.255,124.25,123.2525,6.883740314355671e-05,0.008296830909664045,60.15625
10deg_2,stable_10deg,2,38.5,122.755,124.75,123.7525,0.00016940823998754995,0.013015692067176066,35.15625
10deg_2,stable_10deg,2,60.0,122.755,124.75,123.7525,0.0001256597123806063,0.011209804297159086,60.15625
10deg_2,stable_10deg,2,38.5,123.255,125.25,124.2525,0.00015829844456855376,0.012581670976804064,35.15625
10deg_2,stable_10deg,2,60.0,123.255,125.25,124.2525,0.00014916477387249844,0.012213303151584278,60.15625
10deg_2,stable_10deg,2,38.5,123.755,125.75,124.7525,0.0002538096879601715,0.015931405711994515,39.84375
10deg_2,stable_10deg,2,60.0,123.755,125.75,124.7525,0.00014070130503976563,0.011861758092279812,60.15625
43deg_2,stable_43deg,2,38.5,142.7,144.695,143.6975,0.00031688341934284816,0.017801219602680267,39.84375
43deg_2,stable_43deg,2,60.0,142.7,144.695,143.6975,0.00020886977124608724,0.01445232753732378,60.15625
43deg_2,stable_43deg,2,38.5,143.2,145.195,144.1975,0.00045991362296058335,0.02144559681987385,39.0625
43deg_2,stable_43deg,2,60.0,143.2,145.195,144.1975,0.00026879087830940376,0.016394843040096595,60.15625
43deg_2,stable_43deg,2,38.5,143.7,145.695,144.6975,0.0003884040300020526,0.019707968692943792,38.28125
43deg_2,stable_43deg,2,60.0,143.7,145.695,144.6975,0.0003053911195481963,0.017475443329088857,60.15625
43deg_2,stable_43deg,2,38.5,144.2,146.195,145.1975,0.0007975960610423795,0.028241743236605978,39.0625
43deg_2,stable_43deg,2,60.0,144.2,146.195,145.1975,0.00020636727755528745,0.014365489116465456,59.375
43deg_2,stable_43deg,2,38.5,144.7,146.695,145.6975,0.0007482419557245772,0.027354011693434974,39.0625
43deg_2,stable_43deg,2,60.0,144.7,146.695,145.6975,0.00017310652300906652,0.013156995212018074,60.15625
43deg_2,stable_43deg,2,38.5,145.2,147.195,146.1975,0.0004226716630301671,0.020558980106760334,39.0625
43deg_2,stable_43deg,2,60.0,145.2,147.195,146.1975,0.00012400943223437927,0.01113595223743256,60.15625
43deg_2,stable_43deg,2,38.5,145.7,147.695,146.6975,0.0002870349615411613,0.016942106171936276,39.84375
43deg_2,stable_43deg,2,60.0,145.7,147.695,146.6975,0.00017218001236342487,0.013121738160907833,60.15625
43deg_2,stable_43deg,2,38.5,146.2,148.195,147.1975,0.0004161809570771232,0.020400513647384547,39.84375
43deg_2,stable_43deg,2,60.0,146.2,148.195,147.1975,0.0002280387964116806,0.015100953493461286,60.15625
43deg_2,stable_43deg,2,38.5,146.7,148.695,147.6975,0.00031609443246571845,0.01777904475683996,35.9375
43deg_2,stable_43deg,2,60.0,146.7,148.695,147.6975,0.0003327481021702569,0.018241384327135287,60.15625
43deg_2,stable_43deg,2,38.5,147.2,149.195,148.1975,0.0003019609748229953,0.017377024337411607,37.5
43deg_2,stable_43deg,2,60.0,147.2,149.195,148.1975,0.0004145868552203727,0.020361406022678608,59.375
43deg_2,stable_43deg,2,38.5,147.7,149.695,148.6975,0.0003280038773587315,0.018110877321618948,37.5
43deg_2,stable_43deg,2,60.0,147.7,149.695,148.6975,0.00033299859802405496,0.018248249176949963,60.15625
43deg_2,stable_43deg,2,38.5,148.2,150.195,149.1975,0.0005057222394186331,0.02248826892890231,37.5
43deg_2,stable_43deg,2,60.0,148.2,150.195,149.1975,0.000406580836897455,0.02016384975389013,60.15625
43deg_2,stable_43deg,2,38.5,148.7,150.695,149.6975,0.00043994368365087765,0.020974834532145364,37.5
43deg_2,stable_43deg,2,60.0,148.7,150.695,149.6975,0.0003680637096893999,0.0191849865699562,60.15625
43deg_2,stable_43deg,2,38.5,149.2,151.195,150.1975,0.0005134159898596806,0.022658684645399888,38.28125
43deg_2,stable_43deg,2,60.0,149.2,151.195,150.1975,0.00029194785353643795,0.0170864816020279,60.15625
43deg_2,stable_43deg,2,38.5,149.7,151.695,150.6975,0.0004488110856380099,0.021185161921448935,37.5
43deg_2,stable_43deg,2,60.0,149.7,151.695,150.6975,0.00035396045024748844,0.018813836670054526,60.15625
43deg_2,stable_43deg,2,38.5,150.2,152.195,151.1975,0.00027822707563372105,0.01668014015629728,42.96875
43deg_2,stable_43deg,2,60.0,150.2,152.195,151.1975,0.000281107286190845,0.016766254387633663,60.15625
43deg_2,stable_43deg,2,38.5,150.7,152.695,151.6975,0.0003083236077037894,0.017559145984466028,40.625
43deg_2,stable_43deg,2,60.0,150.7,152.695,151.6975,0.00022667440794414565,0.015055710144132877,57.8125
43deg_2,stable_43deg,2,38.5,151.2,153.195,152.1975,0.00025951507490376834,0.01610947158983709,37.5
43deg_2,stable_43deg,2,60.0,151.2,153.195,152.1975,0.0003589272771257028,0.01894537614104568,60.15625
43deg_2,stable_43deg,2,38.5,151.7,153.695,152.6975,0.0002518184977950049,0.015868790054538024,37.5
43deg_2,stable_43deg,2,60.0,151.7,153.695,152.6975,0.0004688152091039655,0.021652140981989875,60.15625
43deg_2,stable_43deg,2,38.5,152.2,154.195,153.1975,0.00040855458697995443,0.02021273328820114,37.5
43deg_2,stable_43deg,2,60.0,152.2,154.195,153.1975,0.00023898200857871087,0.015459042938639858,60.15625
43deg_2,stable_43deg,2,38.5,152.7,154.695,153.6975,0.0006649551084330145,0.025786723491615107,37.5
43deg_2,stable_43deg,2,60.0,152.7,154.695,153.6975,0.0004461542789155966,0.021122364425309886,59.375
43deg_2,stable_43deg,2,38.5,153.2,155.195,154.1975,0.0006153258470488513,0.024805762375884586,37.5
43deg_2,stable_43deg,2,60.0,153.2,155.195,154.1975,0.0003748389076269722,0.019360756897057827,60.15625
43deg_2,stable_43deg,2,38.5,153.7,155.695,154.6975,0.0004046164376228748,0.02011507985623907,39.84375
43deg_2,stable_43deg,2,60.0,153.7,155.695,154.6975,0.00025434983609089613,0.015948349008311054,60.15625
43deg_2,stable_43deg,2,38.5,154.2,156.195,155.1975,0.0003914902639493993,0.019786112906516006,39.84375
43deg_2,stable_43deg,2,60.0,154.2,156.195,155.1975,0.0002873284944564481,0.016950766780781574,60.15625
43deg_2,stable_43deg,2,38.5,154.7,156.695,155.6975,0.0002579880691109145,0.016062007007560247,39.84375
43deg_2,stable_43deg,2,60.0,154.7,156.695,155.6975,0.00024249399291929072,0.015572218625465374,57.8125
43deg_2,stable_43deg,2,38.5,155.2,157.195,156.1975,0.0003212123852439768,0.01792239898127415,39.84375
43deg_2,stable_43deg,2,60.0,155.2,157.195,156.1975,0.0002146433752312624,0.01465071244790718,57.8125
43deg_2,stable_43deg,2,38.5,155.7,157.695,156.6975,0.00036485238829189184,0.0191011096089178,39.84375
43deg_2,stable_43deg,2,60.0,155.7,157.695,156.6975,0.00018421520722959305,0.013572590291819503,60.15625
43deg_2,stable_43deg,2,38.5,156.2,158.195,157.1975,0.0005246753507046237,0.022905792950793556,39.84375
43deg_2,stable_43deg,2,60.0,156.2,158.195,157.1975,0.00021283375585494802,0.014588822977024159,60.15625
43deg_2,stable_43deg,2,38.5,156.7,158.695,157.6975,0.00036741979919056725,0.019168197598902387,39.84375
43deg_2,stable_43deg,2,60.0,156.7,158.695,157.6975,0.00021964076280147227,0.01482028214311294,60.15625
43deg_2,stable_43deg,2,38.5,157.2,159.195,158.1975,0.00034079390047152963,0.018460604011557413,39.84375
43deg_2,stable_43deg,2,60.0,157.2,159.195,158.1975,0.0003142979088431485,0.017728449138126788,60.15625
43deg_2,stable_43deg,2,38.5,157.7,159.695,158.6975,0.00034555674433576014,0.018589156633256932,39.84375
43deg_2,stable_43deg,2,60.0,157.7,159.695,158.6975,0.00033517611298440874,0.018307815625694092,60.15625
43deg_2,stable_43deg,2,38.5,158.2,160.195,159.1975,0.0003853578147003155,0.019630532715652814,39.84375
43deg_2,stable_43deg,2,60.0,158.2,160.195,159.1975,0.0005657411927299288,0.023785314644333148,60.15625
43deg_2,stable_43deg,2,38.5,158.7,160.695,159.6975,0.0003111570759324961,0.017639645005852474,39.84375
43deg_2,stable_43deg,2,60.0,158.7,160.695,159.6975,0.0004354947102614354,0.020868510015366104,60.15625
43deg_2,stable_43deg,2,38.5,159.2,161.195,160.1975,0.00038563910748431275,0.0196376960839176,38.28125
43deg_2,stable_43deg,2,60.0,159.2,161.195,160.1975,0.00033317837486459884,0.018253174377751362,60.15625
43deg_2,stable_43deg,2,38.5,159.7,161.695,160.6975,0.0005868427808934061,0.024224838098394097,38.28125
43deg_2,stable_43deg,2,60.0,159.7,161.695,160.6975,0.0003195729960964005,0.017876604713882346,60.15625
43deg_2,stable_43deg,2,38.5,160.2,162.195,161.1975,0.0005430457132332147,0.023303341246122083,39.84375
43deg_2,stable_43deg,2,60.0,160.2,162.195,161.1975,0.0003634547935781096,0.019064490383383176,60.15625
43deg_2,stable_43deg,2,38.5,160.7,162.695,161.6975,0.0004974189554546837,0.022302891190486576,39.84375
43deg_2,stable_43deg,2,60.0,160.7,162.695,161.6975,0.00030346271606561235,0.01742018128681824,60.15625
43deg_2,stable_43deg,2,38.5,161.2,163.195,162.1975,0.0005264387624986702,0.022944253365465395,39.84375
43deg_2,stable_43deg,2,60.0,161.2,163.195,162.1975,0.00021987316275307636,0.014828120675024073,57.8125
43deg_2,stable_43deg,2,38.5,161.7,163.695,162.6975,0.00037465648722810846,0.019356045237292365,39.84375
43deg_2,stable_43deg,2,60.0,161.7,163.695,162.6975,0.00025044421306194575,0.01582542931682884,57.8125
43deg_2,stable_43deg,2,38.5,162.2,164.195,163.1975,0.00022313391229468829,0.014937667565409544,39.84375
43deg_2,stable_43deg,2,60.0,162.2,164.195,163.1975,0.0002953033878143329,0.01718439372844829,60.15625
43deg_2,stable_43deg,2,38.5,162.7,164.695,163.6975,0.00036725228949852247,0.019163827631726457,37.5
43deg_2,stable_43deg,2,60.0,162.7,164.695,163.6975,0.0004143152350184157,0.020354734953283368,60.15625
43deg_2,stable_43deg,2,38.5,163.2,165.195,164.1975,0.0004699473929302649,0.02167827006313615,37.5
43deg_2,stable_43deg,2,60.0,163.2,165.195,164.1975,0.0006417645471656435,0.02533307220148483,60.15625
43deg_2,stable_43deg,2,38.5,163.7,165.695,164.6975,0.00035278552773615983,0.018782585757455224,39.84375
43deg_2,stable_43deg,2,60.0,163.7,165.695,164.6975,0.0004952573817940633,0.022254378935258185,60.15625
43deg_2,stable_43deg,2,38.5,164.2,166.195,165.1975,0.0005557250021302846,0.023573820270170142,39.84375
43deg_2,stable_43deg,2,60.0,164.2,166.195,165.1975,0.00036450059422331966,0.019091898654228178,60.15625
43deg_2,stable_43deg,2,38.5,164.7,166.695,165.6975,0.0003434534877452282,0.018532498151766486,39.84375
43deg_2,stable_43deg,2,60.0,164.7,166.695,165.6975,0.000292195338244078,0.017093722188103972,60.15625
43deg_2,stable_43deg,2,38.5,165.2,167.195,166.1975,0.0002499355345981688,0.015809349594406746,39.84375
43deg_2,stable_43deg,2,60.0,165.2,167.195,166.1975,0.0001578948826017437,0.012565623048688978,60.15625
43deg_2,stable_43deg,2,38.5,165.7,167.695,166.6975,0.0003795626489348635,0.019482367641918255,39.84375
43deg_2,stable_43deg,2,60.0,165.7,167.695,166.6975,0.00017591717746868378,0.013263377302507977,60.15625
43deg_2,stable_43deg,2,38.5,166.2,168.195,167.1975,0.0005430709883721166,0.023303883546999554,39.84375
43deg_2,stable_43deg,2,60.0,166.2,168.195,167.1975,0.00039122519162026044,0.019779413328515596,57.8125
43deg_2,stable_43deg,2,38.5,166.7,168.695,167.6975,0.0003813966129444023,0.019529378201683798,39.84375
43deg_2,stable_43deg,2,60.0,166.7,168.695,167.6975,0.00041829909650102116,0.02045236163627617,57.8125
43deg_2,stable_43deg,2,38.5,167.2,169.195,168.1975,0.0004134826690269539,0.02033427326035907,39.84375
43deg_2,stable_43deg,2,60.0,167.2,169.195,168.1975,0.00022489494385045982,0.014996497719483033,57.8125
43deg_2,stable_43deg,2,38.5,167.7,169.695,168.6975,0.0005677289905842537,0.023827064246026066,39.84375
43deg_2,stable_43deg,2,60.0,167.7,169.695,168.6975,0.00010981012931884138,0.010479032842721765,57.8125
43deg_2,stable_43deg,2,38.5,168.2,170.195,169.1975,0.0008221681540089274,0.02867347474599002,39.0625
43deg_2,stable_43deg,2,60.0,168.2,170.195,169.1975,0.00018325806765511334,0.01353728435304191,60.15625
43deg_2,stable_43deg,2,38.5,168.7,170.695,169.6975,0.0005473082195391332,0.023394619457027577,39.84375
43deg_2,stable_43deg,2,60.0,168.7,170.695,169.6975,0.00024407074143540546,0.015622763565880573,57.8125
43deg_2,stable_43deg,2,38.5,169.2,171.195,170.1975,0.00045075448360662343,0.02123097933696473,39.84375
43deg_2,stable_43deg,2,60.0,169.2,171.195,170.1975,0.00038754216331424456,0.019686090605151765,60.15625
43deg_2,stable_43deg,2,38.5,169.7,171.695,170.6975,0.0004449299012255363,0.021093361543991426,39.84375
43deg_2,stable_43deg,2,60.0,169.7,171.695,170.6975,0.0004977261479762029,0.0223097769593558,60.15625
43deg_2,stable_43deg,2,38.5,170.2,172.195,171.1975,0.0003831671242984226,0.01957465515145599,39.84375
43deg_2,stable_43deg,2,60.0,170.2,172.195,171.1975,0.0004406357699099328,0.02099132606363716,60.15625
43deg_2,stable_43deg,2,38.5,170.7,172.695,171.6975,0.0003496650805137196,0.018699333691704623,39.84375
43deg_2,stable_43deg,2,60.0,170.7,172.695,171.6975,0.0004703201833724338,0.021686866610288215,60.15625
43deg_2,stable_43deg,2,38.5,171.2,173.195,172.1975,0.000374567693864368,0.01935375141579451,39.84375
43deg_2,stable_43deg,2,60.0,171.2,173.195,172.1975,0.0005622846566506876,0.023712542180261642,60.15625
43deg_2,stable_43deg,2,38.5,171.7,173.695,172.6975,0.0002565338695853563,0.016016674735579675,39.84375
43deg_2,stable_43deg,2,60.0,171.7,173.695,172.6975,0.0007278513939980386,0.026978721133479225,60.15625
43deg_2,stable_43deg,2,38.5,172.2,174.195,173.1975,0.00017402058927213585,0.013191686369533497,36.71875
43deg_2,stable_43deg,2,60.0,172.2,174.195,173.1975,0.0006073278026125739,0.02464402164040143,60.15625
43deg_2,stable_43deg,2,38.5,172.7,174.695,173.6975,0.0002120803021230714,0.014562977103706213,36.71875
43deg_2,stable_43deg,2,60.0,172.7,174.695,173.6975,0.0007562066707875582,0.02749921218485283,60.15625
43deg_2,stable_43deg,2,38.5,173.2,175.195,174.1975,0.00022087113753803755,0.014861734001725288,39.84375
43deg_2,stable_43deg,2,60.0,173.2,175.195,174.1975,0.0005944324398470323,0.024380985210754554,60.15625
43deg_2,stable_43deg,2,38.5,173.7,175.695,174.6975,0.0005387243334218448,0.02321043587315509,38.28125
43deg_2,stable_43deg,2,60.0,173.7,175.695,174.6975,0.0004254199614645156,0.02062571117475748,60.15625
43deg_2,stable_43deg,2,38.5,174.2,176.195,175.1975,0.0004616941842583688,0.021487070164598263,39.0625
43deg_2,stable_43deg,2,60.0,174.2,176.195,175.1975,0.0003009574883871462,0.017348126365321015,57.8125
43deg_2,stable_43deg,2,38.5,174.7,176.695,175.6975,0.000487892849893145,0.022088296672517438,38.28125
43deg_2,stable_43deg,2,60.0,174.7,176.695,175.6975,0.00032882536092577097,0.018133542426282047,60.15625
43deg_2,stable_43deg,2,38.5,175.2,177.195,176.1975,0.00039747166625532873,0.019936691457093092,37.5
43deg_2,stable_43deg,2,60.0,175.2,177.195,176.1975,0.0005354794752890088,0.023140429453426505,60.15625
43deg_2,stable_43deg,2,38.5,175.7,177.695,176.6975,0.00017375756588792717,0.01318171331382712,37.5
43deg_2,stable_43deg,2,60.0,175.7,177.695,176.6975,0.000568351479080474,0.023840123302543426,60.15625
43deg_2,stable_43deg,2,38.5,176.2,178.195,177.1975,0.00038384296275564736,0.019591910645867273,39.84375
43deg_2,stable_43deg,2,60.0,176.2,178.195,177.1975,0.0004731267187539813,0.021751476243096268,60.15625
10deg_3,stable_10deg,3,38.5,201.32,203.315,202.3175,0.00014420151482804556,0.01200839351570582,35.15625
10deg_3,stable_10deg,3,60.0,201.32,203.315,202.3175,0.00026414948256189646,0.016252676166154806,60.15625
10deg_3,stable_10deg,3,38.5,201.82,203.815,202.8175,0.0001747205539719276,0.013218190268411468,35.9375
10deg_3,stable_10deg,3,60.0,201.82,203.815,202.8175,0.00020119834150153073,0.014184440119424198,60.15625
10deg_3,stable_10deg,3,38.5,202.32,204.315,203.3175,0.0002484566519482119,0.015762507793755785,39.84375
10deg_3,stable_10deg,3,60.0,202.32,204.315,203.3175,0.0001782960233555461,0.013352753399787854,60.15625
10deg_3,stable_10deg,3,38.5,202.82,204.815,203.8175,0.0002215692461555584,0.014885202254439085,35.9375
10deg_3,stable_10deg,3,60.0,202.82,204.815,203.8175,0.00018484740699118823,0.013595859920990222,60.15625
10deg_3,stable_10deg,3,38.5,203.32,205.315,204.3175,0.00019207167974636167,0.01385899273924197,35.9375
10deg_3,stable_10deg,3,60.0,203.32,205.315,204.3175,0.0003013551872274768,0.017359584880620758,60.15625
10deg_3,stable_10deg,3,38.5,203.82,205.815,204.8175,0.0001661686457157314,0.01289064178835683,35.9375
10deg_3,stable_10deg,3,60.0,203.82,205.815,204.8175,0.00021747083183022134,0.014746892277026415,60.15625
10deg_3,stable_10deg,3,38.5,204.32,206.315,205.3175,8.161414355870551e-05,0.009034054657721832,35.9375
10deg_3,stable_10deg,3,60.0,204.32,206.315,205.3175,0.00021405813110158997,0.014630725583565225,60.15625
10deg_3,stable_10deg,3,38.5,204.82,206.815,205.8175,0.00013008469042748036,0.011405467567245121,39.84375
10deg_3,stable_10deg,3,60.0,204.82,206.815,205.8175,0.0001793536089584487,0.013392296627481363,57.8125
10deg_3,stable_10deg,3,38.5,205.32,207.315,206.3175,0.00013507147250715564,0.011622025318641998,35.9375
10deg_3,stable_10deg,3,60.0,205.32,207.315,206.3175,0.00031645364238926576,0.017789143947623386,60.15625
10deg_3,stable_10deg,3,38.5,205.82,207.815,206.8175,8.289913997933991e-05,0.009104896483724563,35.9375
10deg_3,stable_10deg,3,60.0,205.82,207.815,206.8175,0.00039777775961062905,0.019944366613423175,60.15625
10deg_3,stable_10deg,3,38.5,206.32,208.315,207.3175,0.00014291311473336286,0.01195462733561205,35.9375
10deg_3,stable_10deg,3,60.0,206.32,208.315,207.3175,0.0003860409660532894,0.019647925235334377,60.15625
10deg_3,stable_10deg,3,38.5,206.82,208.815,207.8175,0.00019624665607843612,0.014008806375934964,39.84375
10deg_3,stable_10deg,3,60.0,206.82,208.815,207.8175,0.0003032945176543254,0.01741535292936452,60.15625
10deg_3,stable_10deg,3,38.5,207.32,209.315,208.3175,0.00012732297529028275,0.01128374828194438,39.84375
10deg_3,stable_10deg,3,60.0,207.32,209.315,208.3175,0.0002710502268972377,0.016463603095836516,60.15625
10deg_3,stable_10deg,3,38.5,207.82,209.815,208.8175,0.0001517457536170178,0.012318512638180706,39.84375
10deg_3,stable_10deg,3,60.0,207.82,209.815,208.8175,0.00015420600810025085,0.012417971174884038,60.15625
10deg_3,stable_10deg,3,38.5,208.32,210.315,209.3175,0.00012593125346618445,0.011221909528515388,35.15625
10deg_3,stable_10deg,3,60.0,208.32,210.315,209.3175,0.00011076671447902284,0.010524576688828051,59.375
10deg_3,stable_10deg,3,38.5,208.82,210.815,209.8175,0.00012481601220668863,0.011172108673240188,35.15625
10deg_3,stable_10deg,3,60.0,208.82,210.815,209.8175,0.00026051282623160024,0.01614040972935942,60.15625
10deg_3,stable_10deg,3,38.5,209.32,211.315,210.3175,0.0001275239027450841,0.011292648172376758,35.9375
10deg_3,stable_10deg,3,60.0,209.32,211.315,210.3175,0.00038059052533789015,0.019508729464982853,60.15625
10deg_3,stable_10deg,3,38.5,209.82,211.815,210.8175,0.00010185022253914161,0.01009208712502729,35.9375
10deg_3,stable_10deg,3,60.0,209.82,211.815,210.8175,0.0004091756770618416,0.02022809128568095,60.15625
10deg_3,stable_10deg,3,38.5,210.32,212.315,211.3175,0.00017554696713801358,0.013249413841299304,35.15625
10deg_3,stable_10deg,3,60.0,210.32,212.315,211.3175,0.00031607142569000074,0.01777839772561073,60.15625
10deg_3,stable_10deg,3,38.5,210.82,212.815,211.8175,0.0002075876515120056,0.014407902398059393,35.15625
10deg_3,stable_10deg,3,60.0,210.82,212.815,211.8175,0.00027537280384282343,0.016594360603615417,60.15625
10deg_3,stable_10deg,3,38.5,211.32,213.315,212.3175,0.00018325469408260437,0.01353715974946755,39.84375
10deg_3,stable_10deg,3,60.0,211.32,213.315,212.3175,0.00014584089474180037,0.012076460356486927,60.15625
10deg_3,stable_10deg,3,38.5,211.82,213.815,212.8175,0.00014569337372150818,0.012070351018984833,35.15625
10deg_3,stable_10deg,3,60.0,211.82,213.815,212.8175,0.00013403989425235687,0.011577559943803222,55.46875
10deg_3,stable_10deg,3,38.5,212.32,214.315,213.3175,0.00014771528736008075,0.012153817810057905,35.15625
10deg_3,stable_10deg,3,60.0,212.32,214.315,213.3175,0.00020022983843339114,0.014150259306224431,60.15625
10deg_3,stable_10deg,3,38.5,212.82,214.815,213.8175,0.00016461844195840244,0.012830371855811602,34.375
10deg_3,stable_10deg,3,60.0,212.82,214.815,213.8175,0.0002010072038004373,0.014177700934934314,60.15625
10deg_3,stable_10deg,3,38.5,213.32,215.315,214.3175,0.00010986369661262605,0.010481588458464969,35.15625
10deg_3,stable_10deg,3,60.0,213.32,215.315,214.3175,0.00012094658095732718,0.01099757159364408,60.15625
10deg_3,stable_10deg,3,38.5,213.82,215.815,214.8175,0.0002650385787304405,0.016280005489263217,35.15625
10deg_3,stable_10deg,3,60.0,213.82,215.815,214.8175,8.610303456558021e-05,0.00927917208405902,55.46875
10deg_3,stable_10deg,3,38.5,214.32,216.315,215.3175,0.0001828629914504427,0.013522684328580723,35.15625
10deg_3,stable_10deg,3,60.0,214.32,216.315,215.3175,0.00012559087740932182,0.011206733574477526,60.15625
10deg_3,stable_10deg,3,38.5,214.82,216.815,215.8175,8.855078584014125e-05,0.009410142710933838,35.15625
10deg_3,stable_10deg,3,60.0,214.82,216.815,215.8175,0.00014948395562728602,0.012226363139841954,60.15625
10deg_3,stable_10deg,3,38.5,215.32,217.315,216.3175,0.00021077923054470173,0.014518237859489068,35.15625
10deg_3,stable_10deg,3,60.0,215.32,217.315,216.3175,0.00015911682560791683,0.012614151798988183,60.15625
10deg_3,stable_10deg,3,38.5,215.82,217.815,216.8175,0.0002999511316832509,0.017319097311443543,35.15625
10deg_3,stable_10deg,3,60.0,215.82,217.815,216.8175,0.00015284207398772218,0.012362931447990893,60.15625
10deg_3,stable_10deg,3,38.5,216.32,218.315,217.3175,0.00023160063486821458,0.015218430762342567,35.15625
10deg_3,stable_10deg,3,60.0,216.32,218.315,217.3175,0.00014930137782984682,0.012218894296533006,55.46875
10deg_3,stable_10deg,3,38.5,216.82,218.815,217.8175,0.00016076628977292377,0.012679364722766033,34.375
10deg_3,stable_10deg,3,60.0,216.82,218.815,217.8175,0.00017120052848901103,0.013084361982496932,60.15625
10deg_3,stable_10deg,3,38.5,217.32,219.315,218.3175,0.00011975623060544782,0.010943318994045994,35.15625
10deg_3,stable_10deg,3,60.0,217.32,219.315,218.3175,0.00026910456442866086,0.016404406860007492,60.15625
10deg_3,stable_10deg,3,38.5,217.82,219.815,218.8175,9.27274562402485e-05,0.00962950965731114,34.375
10deg_3,stable_10deg,3,60.0,217.82,219.815,218.8175,0.000217798766468441,0.014758006859614918,60.15625
10deg_3,stable_10deg,3,38.5,218.32,220.315,219.3175,0.00013292128196839268,0.011529149230033961,35.15625
10deg_3,stable_10deg,3,60.0,218.32,220.315,219.3175,0.00022650934511129952,0.015050227410617406,60.15625
10deg_3,stable_10deg,3,38.5,218.82,220.815,219.8175,0.0001351433556571184,0.011625117447024713,35.15625
10deg_3,stable_10deg,3,60.0,218.82,220.815,219.8175,0.00020003423722902186,0.01414334604077203,60.15625
10deg_3,stable_10deg,3,38.5,219.32,221.315,220.3175,0.00018307979141098,0.01353069811247668,35.9375
10deg_3,stable_10deg,3,60.0,219.32,221.315,220.3175,0.00023830533249679807,0.01543714133176211,60.15625
10deg_3,stable_10deg,3,38.5,219.82,221.815,220.8175,0.0002040632142282515,0.014285069626300443,35.15625
10deg_3,stable_10deg,3,60.0,219.82,221.815,220.8175,0.00031164367522694994,0.01765343239222758,60.15625
10deg_3,stable_10deg,3,38.5,220.32,222.315,221.3175,0.0002468202499184492,0.015710513992815422,35.9375
10deg_3,stable_10deg,3,60.0,220.32,222.315,221.3175,0.0002875932757105131,0.01695857528539804,60.15625
10deg_3,stable_10deg,3,38.5,220.82,222.815,221.8175,0.00017589033730303804,0.013262365449007881,35.15625
10deg_3,stable_10deg,3,60.0,220.82,222.815,221.8175,0.0004130352233866054,0.0203232680291976,60.15625
10deg_3,stable_10deg,3,38.5,221.32,223.315,222.3175,0.00022409969760155292,0.014969959839677357,35.15625
10deg_3,stable_10deg,3,60.0,221.32,223.315,222.3175,0.0004023475235591761,0.02005860223343531,60.15625
10deg_3,stable_10deg,3,38.5,221.82,223.815,222.8175,8.285562356071437e-05,0.009102506443871072,35.15625
10deg_3,stable_10deg,3,60.0,221.82,223.815,222.8175,0.0004949118974744859,0.02224661541615906,60.15625
10deg_3,stable_10deg,3,38.5,222.32,224.315,223.3175,7.114169541301655e-05,0.008434553658197721,35.15625
10deg_3,stable_10deg,3,60.0,222.32,224.315,223.3175,0.00037781153402427606,0.019437374669030692,60.15625
10deg_3,stable_10deg,3,38.5,222.82,224.815,223.8175,0.0001373417512157313,0.011719289706109807,35.9375
10deg_3,stable_10deg,3,60.0,222.82,224.815,223.8175,0.00034223351799433433,0.018499554535024196,60.15625
